Date,oni,dmi,oni_lag3m,oni_lag6m,dmi_lag3m,dmi_lag6m
2015-01-01,0.69,-0.1,,,,
2015-02-01,0.61,-0.34500000000000003,,,,
2015-03-01,0.65,-0.241,,,,
2015-04-01,0.81,-0.008,0.69,,-0.1,
2015-05-01,1.02,0.24,0.61,,-0.34500000000000003,
2015-06-01,1.25,0.296,0.65,,-0.241,
2015-07-01,1.57,0.225,0.81,0.69,-0.008,-0.1
2015-08-01,1.91,0.568,1.02,0.61,0.24,-0.34500000000000003
2015-09-01,2.21,0.294,1.25,0.65,0.296,-0.241
2015-10-01,2.47,0.482,1.57,0.81,0.225,-0.008
2015-11-01,2.64,0.34700000000000003,1.91,1.02,0.568,0.24
2015-12-01,2.75,0.272,2.21,1.25,0.294,0.296
2016-01-01,2.63,0.265,2.47,1.57,0.482,0.225
2016-02-01,2.28,-0.11,2.64,1.91,0.34700000000000003,0.568
2016-03-01,1.71,-0.008,2.75,2.21,0.272,0.294
2016-04-01,1.05,0.146,2.63,2.47,0.265,0.482
2016-05-01,0.49,-0.113,2.28,2.64,-0.11,0.34700000000000003
2016-06-01,0.0,-0.443,1.71,2.75,-0.008,0.272
2016-07-01,-0.31,-0.757,1.05,2.63,0.146,0.265
2016-08-01,-0.5,-0.443,0.49,2.28,-0.113,-0.11
2016-09-01,-0.58,-0.437,0.0,1.71,-0.443,-0.008
2016-10-01,-0.64,-0.371,-0.31,1.05,-0.757,0.146
2016-11-01,-0.6,-0.382,-0.5,0.49,-0.443,-0.113
2016-12-01,-0.45,-0.31,-0.58,0.0,-0.437,-0.443
2017-01-01,-0.19,-0.086,-0.64,-0.31,-0.371,-0.757
2017-02-01,-0.02,0.101,-0.6,-0.5,-0.382,-0.443
2017-03-01,0.18,0.357,-0.45,-0.58,-0.31,-0.437
2017-04-01,0.31,0.498,-0.19,-0.64,-0.086,-0.371
2017-05-01,0.4,0.536,-0.02,-0.6,0.101,-0.382
2017-06-01,0.39,0.424,0.18,-0.45,0.357,-0.31
2017-07-01,0.19,0.52,0.31,-0.19,0.498,-0.086
2017-08-01,-0.07,0.349,0.4,-0.02,0.536,0.101
2017-09-01,-0.34,0.035,0.39,0.18,0.424,0.357
2017-10-01,-0.6,0.015,0.19,0.31,0.52,0.498
2017-11-01,-0.77,0.289,-0.07,0.4,0.349,0.536
2017-12-01,-0.86,0.11,-0.34,0.39,0.035,0.424
2018-01-01,-0.77,-0.2,-0.6,0.19,0.015,0.52
2018-02-01,-0.71,0.216,-0.77,-0.07,0.289,0.349
2018-03-01,-0.57,-0.12,-0.86,-0.34,0.11,0.035
2018-04-01,-0.39,-0.083,-0.77,-0.6,-0.2,0.015
2018-05-01,-0.13,0.122,-0.71,-0.77,0.216,0.289
2018-06-01,0.05999999999999999,0.155,-0.57,-0.86,-0.12,0.11
2018-07-01,0.14,0.053,-0.39,-0.77,-0.083,-0.2
2018-08-01,0.27,0.121,-0.13,-0.71,0.122,0.216
2018-09-01,0.53,0.604,0.05999999999999999,-0.57,0.155,-0.12
2018-10-01,0.81,0.684,0.14,-0.39,0.053,-0.083
2018-11-01,0.97,0.5,0.27,-0.13,0.121,0.122
2018-12-01,0.92,0.309,0.53,0.05999999999999999,0.604,0.155
2019-01-01,0.89,0.387,0.81,0.14,0.684,0.053
2019-02-01,0.86,0.416,0.97,0.27,0.5,0.121
2019-03-01,0.84,0.225,0.92,0.53,0.309,0.604
2019-04-01,0.77,0.258,0.89,0.81,0.387,0.684
2019-05-01,0.64,0.54,0.86,0.97,0.416,0.5
2019-06-01,0.52,0.605,0.84,0.92,0.225,0.309
2019-07-01,0.33,0.597,0.77,0.89,0.258,0.387
2019-08-01,0.19,0.436,0.64,0.86,0.54,0.416
2019-09-01,0.23,0.892,0.52,0.84,0.605,0.225
2019-10-01,0.39,0.964,0.33,0.77,0.597,0.258
2019-11-01,0.58,0.8349999999999999,0.19,0.64,0.436,0.54
2019-12-01,0.66,0.243,0.23,0.52,0.892,0.605
2020-01-01,0.64,0.173,0.39,0.33,0.964,0.597
2020-02-01,0.63,0.054,0.58,0.19,0.8349999999999999,0.436
2020-03-01,0.53,0.019,0.66,0.23,0.243,0.892
2020-04-01,0.3,-0.011,0.64,0.39,0.173,0.964
2020-05-01,0.01,0.298,0.63,0.58,0.054,0.8349999999999999
2020-06-01,-0.23,0.455,0.53,0.66,0.019,0.243
2020-07-01,-0.36,0.319,0.3,0.64,-0.011,0.173
2020-08-01,-0.53,-0.183,0.01,0.63,0.298,0.054
2020-09-01,-0.85,-0.189,-0.23,0.53,0.455,0.019
2020-10-01,-1.12,0.074,-0.36,0.3,0.319,-0.011
2020-11-01,-1.2,0.02,-0.53,0.01,-0.183,0.298
2020-12-01,-1.08,0.031,-0.85,-0.23,-0.189,0.455
2021-01-01,-0.91,0.051,-1.12,-0.36,0.074,0.319
2021-02-01,-0.79,0.24300000000000002,-1.2,-0.53,0.02,-0.183
2021-03-01,-0.71,0.267,-1.08,-0.85,0.031,-0.189
2021-04-01,-0.55,0.25,-0.91,-1.12,0.051,0.074
2021-05-01,-0.39,0.009,-0.79,-1.2,0.24300000000000002,0.02
2021-06-01,-0.3,-0.002,-0.71,-1.08,0.267,0.031
2021-07-01,-0.35,-0.229,-0.55,-0.91,0.25,0.051
2021-08-01,-0.45,-0.099,-0.39,-0.79,0.009,0.24300000000000002
2021-09-01,-0.63,-0.058,-0.3,-0.71,-0.002,0.267
2021-10-01,-0.76,-0.091,-0.35,-0.55,-0.229,0.25
2021-11-01,-0.91,0.069,-0.45,-0.39,-0.099,0.009
2021-12-01,-0.87,-0.12,-0.63,-0.3,-0.058,-0.002
2022-01-01,-0.82,-0.056,-0.76,-0.35,-0.091,-0.229
2022-02-01,-0.79,-0.082,-0.91,-0.45,0.069,-0.099
2022-03-01,-0.86,-0.093,-0.87,-0.63,-0.12,-0.058
2022-04-01,-0.95,-0.068,-0.82,-0.76,-0.056,-0.091
2022-05-01,-0.9,-0.122,-0.79,-0.91,-0.082,0.069
2022-06-01,-0.78,-0.335,-0.86,-0.87,-0.093,-0.12
2022-07-01,-0.76,-0.195,-0.95,-0.82,-0.068,-0.056
2022-08-01,-0.87,-0.24599999999999997,-0.9,-0.79,-0.122,-0.082
2022-09-01,-0.97,-0.322,-0.78,-0.86,-0.335,-0.093
2022-10-01,-0.94,-0.691,-0.76,-0.95,-0.195,-0.068
2022-11-01,-0.85,-0.269,-0.87,-0.9,-0.24599999999999997,-0.122
2022-12-01,-0.71,-0.091,-0.97,-0.78,-0.322,-0.335
2023-01-01,-0.54,0.11,-0.94,-0.76,-0.691,-0.195
2023-02-01,-0.29,0.157,-0.85,-0.87,-0.269,-0.24599999999999997
2023-03-01,-0.02,0.414,-0.71,-0.97,-0.091,-0.322
2023-04-01,0.2700000000000001,0.56,-0.54,-0.94,0.11,-0.691
2023-05-01,0.57,0.443,-0.29,-0.85,0.157,-0.269
2023-06-01,0.84,0.6650000000000001,-0.02,-0.71,0.414,-0.091
2023-07-01,1.12,0.498,0.2700000000000001,-0.54,0.56,0.11
2023-08-01,1.37,0.826,0.57,-0.29,0.443,0.157
2023-09-01,1.6,0.946,0.84,-0.02,0.6650000000000001,0.414
2023-10-01,1.83,0.804,1.12,0.2700000000000001,0.498,0.56
2023-11-01,1.99,0.92,1.37,0.57,0.826,0.443
2023-12-01,2.06,0.852,1.6,0.84,0.946,0.6650000000000001
2024-01-01,1.92,0.765,1.83,1.12,0.804,0.498
2024-02-01,1.62,0.327,1.99,1.37,0.92,0.826
2024-03-01,1.26,0.421,2.06,1.6,0.852,0.946
2024-04-01,0.82,0.44,1.92,1.83,0.765,0.804
2024-05-01,0.49,0.298,1.62,1.99,0.327,0.92
2024-06-01,0.22,0.197,1.26,2.06,0.421,0.852
2024-07-01,0.08,0.033,0.82,1.92,0.44,0.765
2024-08-01,-0.07,0.267,0.49,1.62,0.298,0.327
2024-09-01,-0.17,0.115,0.22,1.26,0.197,0.421
2024-10-01,-0.21,-0.196,0.08,0.82,0.033,0.44
2024-11-01,-0.3,-0.382,-0.07,0.49,0.267,0.298
2024-12-01,-0.42,-0.331,-0.17,0.22,0.115,0.197
2025-01-01,-0.45,-0.196,-0.21,0.08,-0.196,0.033
2025-02-01,-0.24,0.017,-0.3,-0.07,-0.382,0.267
2025-03-01,-0.06,0.058,-0.42,-0.17,-0.331,0.115
2025-04-01,0.02,0.149,-0.45,-0.21,-0.196,-0.196
2025-05-01,-0.02,0.107,-0.24,-0.3,0.017,-0.382
2025-06-01,-0.04,-0.014,-0.06,-0.42,0.058,-0.331
2025-07-01,-0.14,-0.072,0.02,-0.45,0.149,-0.196
2025-08-01,-0.28,-0.42,-0.02,-0.24,0.107,0.017
2025-09-01,-0.4,-0.467,-0.04,-0.06,-0.014,0.058
2025-10-01,-0.51,-0.448,-0.14,0.02,-0.072,0.149
2025-11-01,-0.55,-0.256,-0.28,-0.02,-0.42,0.107
2025-12-01,-0.54,-0.017,-0.4,-0.04,-0.467,-0.014
2026-01-01,-0.37,0.12299999999999998,-0.51,-0.14,-0.448,-0.072
2026-02-01,-0.14,0.529,-0.55,-0.28,-0.256,-0.42
2026-03-01,0.13,0.285,-0.54,-0.4,-0.017,-0.467
2026-04-01,0.51,0.279,-0.37,-0.51,0.12299999999999998,-0.448
2026-05-01,0.98,0.146,-0.14,-0.55,0.529,-0.256
2026-06-01,0.98,0.146,0.13,-0.54,0.285,-0.017
