Date,padas_sg_padas_di_beaufort_jps,padas_sg_sook_di_biah,padas_sg_pegalan_di_keranaan
2015-05-01,174.0,-919908.0,3061.0
2015-05-02,0.0,-919908.0,92.0
2015-05-03,4613.0,-919908.0,91.0
2015-05-04,0.0,-909909.0,65.0
2015-05-05,0.0,-919908.0,0.0
2015-05-06,47.0,-919908.0,31.0
2015-05-07,0.0,-919908.0,286.0
2015-05-08,,,
2015-05-09,,,
2015-05-10,,,
2015-05-11,0.0,-879912.0,0.0
2015-05-12,659.0,-919908.0,0.0
2015-05-13,43.0,-879912.0,35.0
2015-05-14,768.0,-919908.0,1019.0
2015-05-15,0.0,-919908.0,93.0
2015-05-16,183.0,-919908.0,0.0
2015-05-17,0.0,-799920.0,0.0
2015-05-18,0.0,-919908.0,0.0
2015-05-19,0.0,-919908.0,13.0
2015-05-20,24.0,-879912.0,2.0
2015-05-21,,,
2015-05-22,0.0,,
2015-05-23,90.0,-919908.0,756.0
2015-05-24,254.0,-919908.0,112.0
2015-05-25,143.0,-919908.0,0.0
2015-05-26,207.0,-919908.0,189.0
2015-05-27,226.0,-919908.0,0.0
2015-05-28,0.0,-919908.0,38.0
2015-05-29,0.0,-919908.0,59.0
2015-05-30,0.0,-919908.0,32.0
2015-05-31,0.0,-919908.0,159.0
2015-06-01,328.0,-839916.0,0.0
2015-06-02,835.0,-919908.0,66.0
2015-06-03,174.0,-919908.0,413.0
2015-06-04,0.0,-879912.0,0.0
2015-06-05,1052.0,-919908.0,151.0
2015-06-06,0.0,-919908.0,0.0
2015-06-07,0.0,-839916.0,0.0
2015-06-08,146.0,-919908.0,29.0
2015-06-09,320.0,,534.0
2015-06-10,56.0,-919908.0,90.0
2015-06-11,48.0,-919908.0,603.0
2015-06-12,101.0,-919908.0,42.0
2015-06-13,2932.0,-839916.0,287.0
2015-06-14,83.0,-919908.0,227.0
2015-06-15,977.0,-919908.0,140.0
2015-06-16,5.0,-919908.0,68.0
2015-06-17,273.0,-879912.0,205.0
2015-06-18,0.0,-759924.0,0.0
2015-06-19,0.0,-879912.0,0.0
2015-06-20,0.0,-919908.0,0.0
2015-06-21,494.0,-919908.0,55.0
2015-06-22,236.0,-919908.0,52.0
2015-06-23,0.0,-919908.0,0.0
2015-06-24,0.0,-919908.0,0.0
2015-06-25,0.0,-919908.0,0.0
2015-06-26,75.0,-919908.0,0.0
2015-06-27,0.0,-919908.0,0.0
2015-06-28,0.0,-769923.0,0.0
2015-06-29,58.0,-869913.0,0.0
2015-06-30,180.0,-919908.0,913.0
2015-07-01,0.0,-919908.0,0.0
2015-07-02,0.0,-919908.0,25.0
2015-07-03,0.0,-919908.0,0.0
2015-07-04,364.0,-919908.0,661.0
2015-07-05,82.0,-919908.0,605.0
2015-07-06,0.0,-919908.0,188.0
2015-07-07,0.0,-809919.0,0.0
2015-07-08,0.0,-869913.0,19.0
2015-07-09,0.0,-879912.0,1595.0
2015-07-10,483.0,-919908.0,344.0
2015-07-11,0.0,-919908.0,0.0
2015-07-12,0.0,-919908.0,0.0
2015-07-13,,,
2015-07-14,,,
2015-07-15,161.0,-839916.0,0.0
2015-07-16,0.0,-769923.0,0.0
2015-07-17,0.0,-919908.0,0.0
2015-07-18,0.0,-919908.0,0.0
2015-07-19,13.0,-919908.0,0.0
2015-07-20,0.0,-919908.0,0.0
2015-07-21,0.0,-919908.0,0.0
2015-07-22,2096.0,-839916.0,146.0
2015-07-23,67.0,-919908.0,100.0
2015-07-24,70.0,-919908.0,207.0
2015-07-25,71.0,-919908.0,2690.0
2015-07-26,601.0,-919908.0,214.0
2015-07-27,536.0,-919908.0,220.0
2015-07-28,2786.0,-919908.0,199.0
2015-07-29,0.0,-889911.0,0.0
2015-07-30,155.0,-869913.0,1194.0
2015-07-31,1177.0,-879912.0,0.0
2015-08-01,41.0,-919908.0,57.0
2015-08-02,422.0,-919908.0,50.0
2015-08-03,148.0,-919908.0,190.0
2015-08-04,407.0,-919908.0,318.0
2015-08-05,4004.0,-879912.0,918.0
2015-08-06,481.0,-919908.0,193.0
2015-08-07,358.0,-919908.0,1279.0
2015-08-08,0.0,-919908.0,148.0
2015-08-09,0.0,-919908.0,0.0
2015-08-10,0.0,-879912.0,0.0
2015-08-11,0.0,-919908.0,119.0
2015-08-12,1375.0,-919908.0,
2015-08-13,657.0,-919908.0,
2015-08-14,,,
2015-08-15,,,
2015-08-16,,,
2015-08-17,650.0,-919908.0,365.0
2015-08-18,61.0,-919908.0,0.0
2015-08-19,12.0,-799920.0,0.0
2015-08-20,0.0,-919908.0,0.0
2015-08-21,0.0,-919908.0,52.0
2015-08-22,0.0,-919908.0,0.0
2015-08-23,0.0,-919908.0,0.0
2015-08-24,17.0,-919908.0,7.0
2015-08-25,0.0,-879912.0,0.0
2015-08-26,0.0,-759924.0,0.0
2015-08-27,0.0,-879912.0,883.0
2015-08-28,0.0,-919908.0,0.0
2015-08-29,0.0,-919908.0,0.0
2015-08-30,56.0,-919908.0,357.0
2015-08-31,74.0,-919908.0,233.0
2015-09-01,0.0,-919908.0,193.0
2015-09-02,7.0,-919908.0,0.0
2015-09-03,28.0,-919908.0,0.0
2015-09-04,0.0,-919908.0,53.0
2015-09-05,986.0,-919908.0,308.0
2015-09-06,63.0,-799920.0,46.0
2015-09-07,754.0,-839916.0,278.0
2015-09-08,60.0,-879912.0,0.0
2015-09-09,0.0,-919908.0,29.0
2015-09-10,0.0,-919908.0,46.0
2015-09-11,59.0,-919908.0,0.0
2015-09-12,,,
2015-09-13,0.0,-919908.0,0.0
2015-09-14,1.0,-919908.0,
2015-09-15,721.0,-919908.0,295.0
2015-09-16,0.0,-919908.0,0.0
2015-09-17,0.0,-879912.0,36.0
2015-09-18,0.0,-919908.0,506.0
2015-09-19,,,
2015-09-20,,,
2015-09-21,,,
2015-09-22,,,
2015-09-23,,,
2015-09-24,,,
2015-09-25,,,
2015-09-26,,,
2015-09-27,,,
2015-09-28,,,
2015-09-29,,,
2015-09-30,0.0,-919908.0,0.0
2015-10-01,0.0,-919908.0,138.0
2015-10-02,0.0,-879912.0,167.0
2015-10-03,0.0,-919908.0,0.0
2015-10-04,0.0,-919908.0,0.0
2015-10-05,0.0,-879912.0,0.0
2015-10-06,0.0,-919908.0,0.0
2015-10-07,0.0,-919908.0,0.0
2015-10-08,0.0,-909909.0,399.0
2015-10-09,0.0,-789921.0,130.0
2015-10-10,0.0,-919908.0,1613.0
2015-10-11,0.0,-919908.0,153.0
2015-10-12,1398.0,-919908.0,362.0
2015-10-13,,-919908.0,226.0
2015-10-14,0.0,-919908.0,0.0
2015-10-15,0.0,-919908.0,0.0
2015-10-16,95.0,-919908.0,277.0
2015-10-17,26.0,-919908.0,136.0
2015-10-18,422.0,-919908.0,225.0
2015-10-19,0.0,-879912.0,0.0
2015-10-20,140.0,-919908.0,50.0
2015-10-21,86.0,-919908.0,14.0
2015-10-22,88.0,-919908.0,182.0
2015-10-23,281.0,-919908.0,0.0
2015-10-24,92.0,-919908.0,20.0
2015-10-25,58.0,-919908.0,0.0
2015-10-26,0.0,-919908.0,0.0
2015-10-27,0.0,-919908.0,0.0
2015-10-28,,,
2015-10-29,67.0,,22.0
2015-10-30,62.0,-919908.0,103.0
2015-10-31,0.0,-919908.0,0.0
2015-11-01,361.0,-919908.0,48.0
2015-11-02,2653.0,,189.0
2015-11-03,16.0,-879912.0,182.0
2015-11-04,13.0,-919908.0,50.0
2015-11-05,287.0,-919908.0,264.0
2015-11-06,1119.0,-919908.0,148.0
2015-11-07,374.0,-919908.0,147.0
2015-11-08,703.0,-879912.0,921.0
2015-11-09,0.0,-919908.0,98.0
2015-11-10,279.0,-919908.0,827.0
2015-11-11,0.0,,39.0
2015-11-12,454.0,-879912.0,58.0
2015-11-13,60.0,-919908.0,78.0
2015-11-14,189.0,-919908.0,20.0
2015-11-15,,,0.0
2015-11-16,0.0,,0.0
2015-11-17,59.0,-919908.0,0.0
2015-11-18,451.0,-919908.0,0.0
2015-11-19,,-719928.0,
2015-11-20,37.0,-839916.0,365.0
2015-11-21,417.0,-909909.0,112.0
2015-11-22,1780.0,-919908.0,0.0
2015-11-23,3623.0,-839916.0,120.0
2015-11-24,1646.0,-919908.0,427.0
2015-11-25,557.0,-919908.0,320.0
2015-11-26,989.0,,47.0
2015-11-27,54.0,-919908.0,0.0
2015-11-28,626.0,-919908.0,228.0
2015-11-29,57.0,-919908.0,0.0
2015-11-30,0.0,-919908.0,0.0
2015-12-01,0.0,-879912.0,0.0
2015-12-02,30.0,,0.0
2015-12-03,0.0,-919908.0,1376.0
2015-12-04,0.0,-919908.0,0.0
2015-12-05,0.0,-919908.0,0.0
2015-12-06,21.0,-919908.0,0.0
2015-12-07,0.0,-919908.0,0.0
2015-12-08,0.0,-919908.0,0.0
2015-12-09,1404.0,-919908.0,64.0
2015-12-10,1162.0,-919908.0,746.0
2015-12-11,233.0,-919908.0,0.0
2015-12-12,8.0,-919908.0,0.0
2015-12-13,34.0,-919908.0,48.0
2015-12-14,0.0,-919908.0,31.0
2015-12-15,89.0,,0.0
2015-12-16,1011.0,,418.0
2015-12-17,241.0,,34.0
2015-12-18,1044.0,,179.0
2015-12-19,22.0,,213.0
2015-12-20,0.0,,173.0
2015-12-21,0.0,,336.0
2015-12-22,0.0,,0.0
2015-12-23,0.0,,0.0
2015-12-24,0.0,,0.0
2015-12-25,0.0,,0.0
2015-12-26,0.0,,0.0
2015-12-27,0.0,,0.0
2015-12-28,0.0,,0.0
2015-12-29,0.0,,0.0
2015-12-30,0.0,,0.0
2015-12-31,0.0,,0.0
2016-01-01,0.0,,0.0
2016-01-02,503.0,,0.0
2016-01-03,0.0,,523.0
2016-01-04,233.0,,1145.0
2016-01-05,32.0,,0.0
2016-01-06,0.0,,3.0
2016-01-07,26.0,,402.0
2016-01-08,1482.0,,374.0
2016-01-09,,,
2016-01-10,0.0,,0.0
2016-01-11,383.0,,334.0
2016-01-12,167.0,,287.0
2016-01-13,0.0,,0.0
2016-01-14,0.0,-919908.0,0.0
2016-01-15,0.0,-919908.0,0.0
2016-01-16,0.0,-919908.0,50.0
2016-01-17,98.0,-919908.0,139.0
2016-01-18,0.0,,49.0
2016-01-19,0.0,-779922.0,0.0
2016-01-20,0.0,-919908.0,388.0
2016-01-21,0.0,-919908.0,0.0
2016-01-22,0.0,-919908.0,0.0
2016-01-23,0.0,-919908.0,0.0
2016-01-24,0.0,-919908.0,0.0
2016-01-25,0.0,-919908.0,0.0
2016-01-26,0.0,,0.0
2016-01-27,0.0,-919908.0,0.0
2016-01-28,0.0,-839916.0,0.0
2016-01-29,105.0,-919908.0,0.0
2016-01-30,0.0,-909909.0,0.0
2016-01-31,0.0,-919908.0,0.0
2016-02-01,0.0,-919908.0,0.0
2016-02-02,0.0,-919908.0,0.0
2016-02-03,0.0,,0.0
2016-02-04,168.0,-919908.0,95.0
2016-02-05,0.0,-919908.0,0.0
2016-02-06,182.0,-919908.0,0.0
2016-02-07,36.0,-919908.0,158.0
2016-02-08,86.0,-919908.0,68.0
2016-02-09,0.0,-909909.0,0.0
2016-02-10,0.0,-919908.0,0.0
2016-02-11,0.0,-759924.0,0.0
2016-02-12,36.0,-919908.0,0.0
2016-02-13,51.0,-919908.0,170.0
2016-02-14,416.0,-919908.0,55.0
2016-02-15,69.0,-919908.0,479.0
2016-02-16,0.0,-919908.0,0.0
2016-02-17,0.0,-719928.0,0.0
2016-02-18,84.0,-919908.0,0.0
2016-02-19,0.0,-919908.0,0.0
2016-02-20,0.0,-919908.0,0.0
2016-02-21,0.0,-919908.0,0.0
2016-02-22,0.0,-909909.0,0.0
2016-02-23,0.0,-919908.0,0.0
2016-02-24,0.0,-919908.0,0.0
2016-02-25,0.0,-919908.0,0.0
2016-02-26,0.0,-919908.0,0.0
2016-02-27,0.0,-919908.0,0.0
2016-02-28,290.0,-919908.0,0.0
2016-02-29,265.0,-919908.0,0.0
2016-03-01,0.0,-919908.0,0.0
2016-03-02,0.0,-849915.0,0.0
2016-03-03,0.0,-809919.0,0.0
2016-03-04,90.0,-919908.0,954.0
2016-03-05,1.0,-919908.0,28.0
2016-03-06,120.0,-919908.0,0.0
2016-03-07,50.0,-919908.0,0.0
2016-03-08,3.0,-919908.0,190.0
2016-03-09,0.0,-919908.0,2.0
2016-03-10,139.0,-919908.0,51.0
2016-03-11,167.0,-919908.0,2.0
2016-03-12,5.0,-919908.0,0.0
2016-03-13,28.0,-919908.0,31.0
2016-03-14,1.0,-919908.0,93.0
2016-03-15,1.0,-919908.0,1.0
2016-03-16,93.0,-919908.0,0.0
2016-03-17,1.0,-919908.0,0.0
2016-03-18,0.0,-849915.0,0.0
2016-03-19,0.0,,0.0
2016-03-20,0.0,-919908.0,0.0
2016-03-21,372.0,-919908.0,0.0
2016-03-22,12.0,-779922.0,0.0
2016-03-23,0.0,-919908.0,0.0
2016-03-24,0.0,-919908.0,0.0
2016-03-25,0.0,-919908.0,3413.0
2016-03-26,0.0,-919908.0,38.0
2016-03-27,0.0,-919908.0,0.0
2016-03-28,0.0,-849915.0,0.0
2016-03-29,0.0,-919908.0,0.0
2016-03-30,0.0,-919908.0,0.0
2016-03-31,0.0,-919908.0,0.0
2016-04-01,0.0,-919908.0,0.0
2016-04-02,0.0,-919908.0,0.0
2016-04-03,0.0,-919908.0,0.0
2016-04-04,861.0,-919908.0,0.0
2016-04-05,24.0,-919908.0,40.0
2016-04-06,0.0,-919908.0,2.0
2016-04-07,4.0,-769923.0,0.0
2016-04-08,2.0,-919908.0,0.0
2016-04-09,250.0,-849915.0,116.0
2016-04-10,27.0,-919908.0,451.0
2016-04-11,0.0,-919908.0,7.0
2016-04-12,1755.0,-919908.0,979.0
2016-04-13,27.0,-919908.0,474.0
2016-04-14,96.0,-919908.0,2213.0
2016-04-15,2.0,-919908.0,64.0
2016-04-16,175.0,-919908.0,59.0
2016-04-17,5.0,-919908.0,2.0
2016-04-18,0.0,-919908.0,0.0
2016-04-19,0.0,-849915.0,0.0
2016-04-20,0.0,-919908.0,0.0
2016-04-21,0.0,-919908.0,0.0
2016-04-22,0.0,-919908.0,361.0
2016-04-23,117.0,-919908.0,43.0
2016-04-24,8.0,-919908.0,38.0
2016-04-25,0.0,-919908.0,497.0
2016-04-26,878.0,-909909.0,16.0
2016-04-27,121.0,-919908.0,34.0
2016-04-28,2125.0,-919908.0,1916.0
2016-04-29,84.0,-919908.0,266.0
2016-04-30,842.0,-879912.0,370.0
2016-05-01,222.0,-919908.0,13.0
2016-05-02,105.0,-919908.0,0.0
2016-05-03,401.0,-919908.0,1013.0
2016-05-04,16.0,-919908.0,322.0
2016-05-05,0.0,-919908.0,10.0
2016-05-06,64.0,-919908.0,155.0
2016-05-07,2.0,-919908.0,5.0
2016-05-08,1982.0,-919908.0,543.0
2016-05-09,375.0,-919908.0,1179.0
2016-05-10,27.0,-879912.0,40.0
2016-05-11,0.0,-919908.0,0.0
2016-05-12,57.0,-889911.0,0.0
2016-05-13,2.0,-889911.0,0.0
2016-05-14,714.0,-919908.0,0.0
2016-05-15,22.0,-919908.0,55.0
2016-05-16,270.0,-839916.0,1.0
2016-05-17,935.0,-889911.0,240.0
2016-05-18,167.0,-889911.0,568.0
2016-05-19,4.0,-919908.0,932.0
2016-05-20,0.0,-919908.0,18.0
2016-05-21,0.0,-799920.0,0.0
2016-05-22,,-799920.0,0.0
2016-05-23,,-759924.0,100.0
2016-05-24,21.0,-919908.0,4.0
2016-05-25,0.0,-919908.0,0.0
2016-05-26,0.0,-919908.0,0.0
2016-05-27,29.0,-919908.0,167.0
2016-05-28,2.0,-919908.0,193.0
2016-05-29,25.0,-919908.0,5.0
2016-05-30,390.0,-919908.0,185.0
2016-05-31,689.0,-919908.0,547.0
2016-06-01,21.0,-719928.0,23.0
2016-06-02,0.0,-919908.0,1.0
2016-06-03,1648.0,-919908.0,904.0
2016-06-04,726.0,-919908.0,216.0
2016-06-05,19.0,-759924.0,6.0
2016-06-06,83.0,-919908.0,283.0
2016-06-07,1.0,-849915.0,4.0
2016-06-08,0.0,-879912.0,0.0
2016-06-09,0.0,-919908.0,71.0
2016-06-10,4.0,-919908.0,22.0
2016-06-11,945.0,-919908.0,215.0
2016-06-12,25.0,-919908.0,0.0
2016-06-13,4378.0,-919908.0,278.0
2016-06-14,1230.0,-919908.0,1332.0
2016-06-15,53.0,-919908.0,44.0
2016-06-16,1.0,-919908.0,0.0
2016-06-17,2455.0,-879912.0,200.0
2016-06-18,1552.0,-919908.0,5.0
2016-06-19,133.0,-919908.0,848.0
2016-06-20,189.0,-919908.0,2494.0
2016-06-21,2.0,-759924.0,28.0
2016-06-22,91.0,-919908.0,0.0
2016-06-23,71.0,-919908.0,239.0
2016-06-24,2.0,-919908.0,9.0
2016-06-25,269.0,-919908.0,0.0
2016-06-26,7.0,-879912.0,76.0
2016-06-27,365.0,-919908.0,1.0
2016-06-28,2069.0,-919908.0,56.0
2016-06-29,23.0,-879912.0,1.0
2016-06-30,185.0,-919908.0,0.0
2016-07-01,53.0,-919908.0,0.0
2016-07-02,10.0,-919908.0,839.0
2016-07-03,1.0,-919908.0,20.0
2016-07-04,0.0,-919908.0,0.0
2016-07-05,0.0,-919908.0,0.0
2016-07-06,0.0,-919908.0,0.0
2016-07-07,0.0,-919908.0,0.0
2016-07-08,0.0,-919908.0,0.0
2016-07-09,0.0,-919908.0,0.0
2016-07-10,0.0,-919908.0,0.0
2016-07-11,592.0,-919908.0,94.0
2016-07-12,8.0,-889911.0,127.0
2016-07-13,177.0,-799920.0,14.0
2016-07-14,18.0,-739926.0,559.0
2016-07-15,1.0,-919908.0,401.0
2016-07-16,1183.0,-919908.0,176.0
2016-07-17,2793.0,-919908.0,124.0
2016-07-18,133.0,-919908.0,236.0
2016-07-19,408.0,-889911.0,140.0
2016-07-20,179.0,-919908.0,240.0
2016-07-21,2460.0,-919908.0,150.0
2016-07-22,109.0,-919908.0,4.0
2016-07-23,41.0,-879912.0,153.0
2016-07-24,1962.0,-919908.0,1018.0
2016-07-25,1167.0,-909909.0,159.0
2016-07-26,1464.0,-889911.0,391.0
2016-07-27,166.0,-919908.0,513.0
2016-07-28,182.0,-919908.0,16.0
2016-07-29,220.0,-919908.0,0.0
2016-07-30,2694.0,-919908.0,458.0
2016-07-31,234.0,-849915.0,153.0
2016-08-01,136.0,,4.0
2016-08-02,6.0,-919908.0,87.0
2016-08-03,2086.0,-919908.0,1.0
2016-08-04,27.0,-919908.0,0.0
2016-08-05,2102.0,-919908.0,285.0
2016-08-06,38.0,-919908.0,99.0
2016-08-07,2.0,-919908.0,1.0
2016-08-08,1.0,-889911.0,0.0
2016-08-09,0.0,-919908.0,0.0
2016-08-10,0.0,-919908.0,0.0
2016-08-11,637.0,-919908.0,603.0
2016-08-12,8.0,-919908.0,8.0
2016-08-13,0.0,-919908.0,0.0
2016-08-14,79.0,-889911.0,0.0
2016-08-15,1.0,-919908.0,56.0
2016-08-16,41.0,-889911.0,14.0
2016-08-17,98.0,-919908.0,2.0
2016-08-18,49.0,-919908.0,1.0
2016-08-19,74.0,,1.0
2016-08-20,,,
2016-08-21,0.0,,0.0
2016-08-22,36.0,,438.0
2016-08-23,1.0,-919908.0,12.0
2016-08-24,0.0,-919908.0,0.0
2016-08-25,271.0,-769923.0,0.0
2016-08-26,134.0,-919908.0,19.0
2016-08-27,8.0,-919908.0,514.0
2016-08-28,157.0,-919908.0,385.0
2016-08-29,5.0,-919908.0,44.0
2016-08-30,159.0,-919908.0,665.0
2016-08-31,1597.0,-919908.0,17.0
2016-09-01,476.0,-919908.0,132.0
2016-09-02,240.0,-919908.0,177.0
2016-09-03,82.0,-919908.0,3.0
2016-09-04,1.0,-919908.0,8.0
2016-09-05,16.0,-919908.0,23.0
2016-09-06,1292.0,-919908.0,253.0
2016-09-07,827.0,-919908.0,693.0
2016-09-08,237.0,-919908.0,15.0
2016-09-09,4551.0,-919908.0,840.0
2016-09-10,396.0,-849915.0,67.0
2016-09-11,6.0,-919908.0,1.0
2016-09-12,0.0,-839916.0,824.0
2016-09-13,0.0,-919908.0,27.0
2016-09-14,0.0,-879912.0,0.0
2016-09-15,0.0,-919908.0,0.0
2016-09-16,0.0,-919908.0,0.0
2016-09-17,213.0,-919908.0,231.0
2016-09-18,82.0,-919908.0,4.0
2016-09-19,1.0,-879912.0,0.0
2016-09-20,23.0,-919908.0,0.0
2016-09-21,88.0,-879912.0,152.0
2016-09-22,137.0,-919908.0,231.0
2016-09-23,383.0,-919908.0,184.0
2016-09-24,101.0,-889911.0,34.0
2016-09-25,1.0,,1.0
2016-09-26,22.0,,0.0
2016-09-27,1.0,-919908.0,0.0
2016-09-28,288.0,-919908.0,0.0
2016-09-29,404.0,-919908.0,370.0
2016-09-30,184.0,-919908.0,16.0
2016-10-01,2.0,-919908.0,94.0
2016-10-02,51.0,,4.0
2016-10-03,3.0,,1.0
2016-10-04,649.0,-839916.0,0.0
2016-10-05,8.0,-879912.0,0.0
2016-10-06,66.0,-919908.0,142.0
2016-10-07,3.0,-879912.0,46.0
2016-10-08,686.0,-919908.0,1.0
2016-10-09,431.0,-839916.0,92.0
2016-10-10,5.0,-919908.0,35.0
2016-10-11,0.0,-879912.0,1.0
2016-10-12,82.0,-879912.0,69.0
2016-10-13,106.0,-919908.0,2.0
2016-10-14,34.0,-919908.0,3.0
2016-10-15,321.0,-919908.0,1.0
2016-10-16,519.0,-919908.0,512.0
2016-10-17,6.0,-919908.0,7.0
2016-10-18,1153.0,-919908.0,128.0
2016-10-19,16.0,-879912.0,2.0
2016-10-20,50.0,-879912.0,187.0
2016-10-21,2.0,-919908.0,66.0
2016-10-22,0.0,-769923.0,1.0
2016-10-23,8.0,-919908.0,654.0
2016-10-24,225.0,-919908.0,280.0
2016-10-25,69.0,-919908.0,267.0
2016-10-26,91.0,-919908.0,6.0
2016-10-27,173.0,-799920.0,191.0
2016-10-28,68.0,-909909.0,301.0
2016-10-29,3.0,-919908.0,10.0
2016-10-30,12.0,-919908.0,0.0
2016-10-31,1620.0,-919908.0,281.0
2016-11-01,895.0,-919908.0,71.0
2016-11-02,948.0,-889911.0,544.0
2016-11-03,12.0,-889911.0,8.0
2016-11-04,0.0,-919908.0,0.0
2016-11-05,0.0,-919908.0,0.0
2016-11-06,1092.0,-919908.0,872.0
2016-11-07,18.0,-849915.0,92.0
2016-11-08,7.0,-919908.0,81.0
2016-11-09,184.0,-889911.0,137.0
2016-11-10,1557.0,-919908.0,
2016-11-11,188.0,-919908.0,576.0
2016-11-12,1708.0,-919908.0,126.0
2016-11-13,276.0,-919908.0,38.0
2016-11-14,851.0,-889911.0,87.0
2016-11-15,1667.0,-919908.0,510.0
2016-11-16,48.0,-839916.0,192.0
2016-11-17,0.0,-919908.0,237.0
2016-11-18,0.0,-919908.0,160.0
2016-11-19,2232.0,-919908.0,9.0
2016-11-20,63.0,-919908.0,56.0
2016-11-21,37.0,-759924.0,2.0
2016-11-22,163.0,,130.0
2016-11-23,520.0,,93.0
2016-11-24,47.0,-919908.0,5.0
2016-11-25,2.0,-919908.0,65.0
2016-11-26,0.0,-729927.0,2.0
2016-11-27,,,
2016-11-28,19.0,-879912.0,88.0
2016-11-29,1102.0,-839916.0,96.0
2016-11-30,178.0,-889911.0,789.0
2016-12-01,625.0,-919908.0,174.0
2016-12-02,754.0,-919908.0,541.0
2016-12-03,228.0,-809919.0,244.0
2016-12-04,7.0,-919908.0,305.0
2016-12-05,1175.0,-889911.0,8.0
2016-12-06,113.0,-919908.0,115.0
2016-12-07,233.0,-919908.0,1724.0
2016-12-08,115.0,-919908.0,220.0
2016-12-09,587.0,-919908.0,30.0
2016-12-10,914.0,-919908.0,855.0
2016-12-11,40.0,-919908.0,115.0
2016-12-12,106.0,-729927.0,1.0
2016-12-13,14.0,-869913.0,188.0
2016-12-14,0.0,-879912.0,2.0
2016-12-15,148.0,,17.0
2016-12-16,624.0,-799920.0,71.0
2016-12-17,16.0,-919908.0,44.0
2016-12-18,127.0,-759924.0,2.0
2016-12-19,17.0,,0.0
2016-12-20,961.0,,390.0
2016-12-21,15.0,-869913.0,250.0
2016-12-22,64.0,-759924.0,39.0
2016-12-23,1393.0,-919908.0,84.0
2016-12-24,106.0,,2.0
2016-12-25,96.0,-799920.0,27.0
2016-12-26,3.0,-809919.0,87.0
2016-12-27,399.0,-749925.0,1.0
2016-12-28,93.0,-799920.0,84.0
2016-12-29,149.0,-879912.0,143.0
2016-12-30,8.0,-919908.0,6.0
2016-12-31,0.0,-919908.0,0.0
2017-01-01,0.0,-919908.0,29.0
2017-01-02,81.0,-919908.0,3.0
2017-01-03,891.0,-919908.0,142.0
2017-01-04,25.0,-919908.0,77.0
2017-01-05,2109.0,-879912.0,351.0
2017-01-06,64.0,-919908.0,107.0
2017-01-07,0.0,-919908.0,3.0
2017-01-08,1507.0,-839916.0,23.0
2017-01-09,71.0,-919908.0,35.0
2017-01-10,1.0,-919908.0,1.0
2017-01-11,0.0,-919908.0,0.0
2017-01-12,1.0,-919908.0,33.0
2017-01-13,119.0,-919908.0,1.0
2017-01-14,6.0,-919908.0,0.0
2017-01-15,0.0,-919908.0,422.0
2017-01-16,0.0,-919908.0,82.0
2017-01-17,288.0,-879912.0,248.0
2017-01-18,27.0,-879912.0,265.0
2017-01-19,459.0,-919908.0,1092.0
2017-01-20,144.0,-919908.0,410.0
2017-01-21,340.0,-919908.0,282.0
2017-01-22,12.0,-839916.0,78.0
2017-01-23,0.0,-919908.0,1.0
2017-01-24,0.0,,0.0
2017-01-25,749.0,-919908.0,579.0
2017-01-26,1336.0,-909909.0,9.0
2017-01-27,44.0,-919908.0,0.0
2017-01-28,0.0,-919908.0,0.0
2017-01-29,0.0,-919908.0,0.0
2017-01-30,0.0,-919908.0,132.0
2017-01-31,471.0,-919908.0,131.0
2017-02-01,115.0,-919908.0,2590.0
2017-02-02,197.0,-919908.0,31.0
2017-02-03,1456.0,-919908.0,369.0
2017-02-04,104.0,-729927.0,15.0
2017-02-05,0.0,-799920.0,0.0
2017-02-06,1225.0,-879912.0,127.0
2017-02-07,120.0,-879912.0,2.0
2017-02-08,,,
2017-02-09,,,
2017-02-10,0.0,-869913.0,0.0
2017-02-11,0.0,-919908.0,0.0
2017-02-12,0.0,-879912.0,0.0
2017-02-13,0.0,-919908.0,0.0
2017-02-14,0.0,-879912.0,0.0
2017-02-15,0.0,-879912.0,0.0
2017-02-16,0.0,-919908.0,0.0
2017-02-17,18.0,-919908.0,283.0
2017-02-18,2187.0,,221.0
2017-02-19,71.0,-789921.0,454.0
2017-02-20,0.0,-919908.0,13.0
2017-02-21,0.0,-919908.0,0.0
2017-02-22,0.0,-919908.0,22.0
2017-02-23,357.0,-839916.0,528.0
2017-02-24,1749.0,-919908.0,431.0
2017-02-25,1165.0,-919908.0,242.0
2017-02-26,40.0,-919908.0,139.0
2017-02-27,0.0,-919908.0,709.0
2017-02-28,1034.0,-919908.0,10.0
2017-03-01,28.0,-919908.0,0.0
2017-03-02,0.0,-919908.0,128.0
2017-03-03,0.0,-879912.0,5.0
2017-03-04,0.0,-919908.0,0.0
2017-03-05,673.0,-919908.0,0.0
2017-03-06,174.0,-919908.0,671.0
2017-03-07,267.0,-909909.0,23.0
2017-03-08,73.0,-919908.0,0.0
2017-03-09,0.0,-919908.0,508.0
2017-03-10,0.0,-879912.0,765.0
2017-03-11,34.0,-839916.0,894.0
2017-03-12,358.0,-919908.0,124.0
2017-03-13,1579.0,-919908.0,522.0
2017-03-14,19.0,-919908.0,7.0
2017-03-15,0.0,-919908.0,0.0
2017-03-16,0.0,-919908.0,0.0
2017-03-17,511.0,-919908.0,37.0
2017-03-18,20.0,-919908.0,571.0
2017-03-19,31.0,-849915.0,421.0
2017-03-20,1.0,-919908.0,110.0
2017-03-21,0.0,-919908.0,421.0
2017-03-22,0.0,-849915.0,760.0
2017-03-23,57.0,-919908.0,21.0
2017-03-24,21.0,-919908.0,246.0
2017-03-25,1816.0,-919908.0,356.0
2017-03-26,141.0,-919908.0,18.0
2017-03-27,1.0,-919908.0,0.0
2017-03-28,304.0,-849915.0,88.0
2017-03-29,1319.0,,43.0
2017-03-30,2296.0,,2.0
2017-03-31,1974.0,,434.0
2017-04-01,21.0,,469.0
2017-04-02,0.0,,196.0
2017-04-03,168.0,,2146.0
2017-04-04,737.0,,874.0
2017-04-05,519.0,,175.0
2017-04-06,65.0,-919908.0,3.0
2017-04-07,156.0,-919908.0,34.0
2017-04-08,5.0,-919908.0,1.0
2017-04-09,1180.0,-919908.0,1480.0
2017-04-10,36.0,-889911.0,314.0
2017-04-11,0.0,-919908.0,7.0
2017-04-12,0.0,,51.0
2017-04-13,0.0,,149.0
2017-04-14,41.0,,4.0
2017-04-15,1.0,,0.0
2017-04-16,267.0,,355.0
2017-04-17,231.0,,240.0
2017-04-18,5.0,,179.0
2017-04-19,129.0,,837.0
2017-04-20,30.0,,840.0
2017-04-21,1.0,,128.0
2017-04-22,382.0,,36.0
2017-04-23,7.0,,57.0
2017-04-24,436.0,,2.0
2017-04-25,14.0,,149.0
2017-04-26,0.0,,5.0
2017-04-27,0.0,,0.0
2017-04-28,0.0,,196.0
2017-04-29,410.0,,5.0
2017-04-30,11.0,,0.0
2017-05-01,0.0,,27.0
2017-05-02,561.0,,89.0
2017-05-03,,,
2017-05-04,,,
2017-05-05,,,
2017-05-06,644.0,,80.0
2017-05-07,177.0,,182.0
2017-05-08,39.0,,569.0
2017-05-09,1.0,,1186.0
2017-05-10,0.0,,36.0
2017-05-11,28.0,,165.0
2017-05-12,1173.0,,82.0
2017-05-13,,,66.0
2017-05-14,,,680.0
2017-05-15,,,307.0
2017-05-16,576.0,,372.0
2017-05-17,31.0,,7.0
2017-05-18,472.0,,794.0
2017-05-19,9.0,,89.0
2017-05-20,896.0,,1555.0
2017-05-21,17.0,,103.0
2017-05-22,0.0,,12.0
2017-05-23,13.0,,391.0
2017-05-24,237.0,,149.0
2017-05-25,3.0,,6.0
2017-05-26,0.0,,0.0
2017-05-27,0.0,,0.0
2017-05-28,899.0,,0.0
2017-05-29,112.0,,768.0
2017-05-30,523.0,-919908.0,529.0
2017-05-31,17.0,-879912.0,1594.0
2017-06-01,524.0,-919908.0,384.0
2017-06-02,2010.0,-919908.0,164.0
2017-06-03,75.0,-879912.0,8.0
2017-06-04,0.0,-879912.0,0.0
2017-06-05,686.0,-879912.0,715.0
2017-06-06,9.0,-919908.0,10.0
2017-06-07,0.0,-919908.0,0.0
2017-06-08,93.0,-919908.0,0.0
2017-06-09,1.0,-729927.0,0.0
2017-06-10,0.0,-879912.0,70.0
2017-06-11,,-919908.0,93.0
2017-06-12,,,63.0
2017-06-13,,,208.0
2017-06-14,125.0,-919908.0,195.0
2017-06-15,6.0,-879912.0,905.0
2017-06-16,46.0,-879912.0,79.0
2017-06-17,1.0,-919908.0,10.0
2017-06-18,2878.0,-919908.0,557.0
2017-06-19,1199.0,-879912.0,
2017-06-20,1874.0,-879912.0,112.0
2017-06-21,28.0,-889911.0,80.0
2017-06-22,0.0,-919908.0,15.0
2017-06-23,0.0,-919908.0,386.0
2017-06-24,29.0,-919908.0,21.0
2017-06-25,209.0,-919908.0,1595.0
2017-06-26,3.0,-919908.0,40.0
2017-06-27,57.0,-919908.0,779.0
2017-06-28,95.0,-879912.0,69.0
2017-06-29,75.0,-919908.0,472.0
2017-06-30,1.0,-919908.0,
2017-07-01,,-919908.0,
2017-07-02,,-919908.0,
2017-07-03,,-759924.0,
2017-07-04,,-879912.0,0.0
2017-07-05,56.0,-919908.0,0.0
2017-07-06,1135.0,-919908.0,266.0
2017-07-07,91.0,-719928.0,1013.0
2017-07-08,213.0,,37.0
2017-07-09,9.0,-909909.0,0.0
2017-07-10,0.0,-919908.0,0.0
2017-07-11,554.0,-879912.0,206.0
2017-07-12,26.0,-879912.0,368.0
2017-07-13,309.0,-919908.0,41.0
2017-07-14,181.0,-879912.0,2.0
2017-07-15,1587.0,-799920.0,620.0
2017-07-16,661.0,-919908.0,40.0
2017-07-17,108.0,-919908.0,6.0
2017-07-18,784.0,-919908.0,179.0
2017-07-19,13.0,-879912.0,4.0
2017-07-20,0.0,-769923.0,4.0
2017-07-21,420.0,-869913.0,1.0
2017-07-22,0.0,-919908.0,92.0
2017-07-23,0.0,-919908.0,0.0
2017-07-24,0.0,-879912.0,0.0
2017-07-25,,,
2017-07-26,,,
2017-07-27,,,
2017-07-28,0.0,,0.0
2017-07-29,0.0,-919908.0,0.0
2017-07-30,0.0,-919908.0,0.0
2017-07-31,,-879912.0,0.0
2017-08-01,,-889911.0,0.0
2017-08-02,221.0,-829917.0,0.0
2017-08-03,385.0,-839916.0,0.0
2017-08-04,5.0,-839916.0,0.0
2017-08-05,0.0,-909909.0,0.0
2017-08-06,0.0,,214.0
2017-08-07,1178.0,,294.0
2017-08-08,3666.0,,560.0
2017-08-09,106.0,-879912.0,168.0
2017-08-10,135.0,-839916.0,653.0
2017-08-11,232.0,-919908.0,1065.0
2017-08-12,540.0,-919908.0,242.0
2017-08-13,263.0,-879912.0,211.0
2017-08-14,1136.0,-919908.0,454.0
2017-08-15,239.0,-919908.0,1376.0
2017-08-16,512.0,-919908.0,231.0
2017-08-17,1517.0,-869913.0,27.0
2017-08-18,40.0,-719928.0,3.0
2017-08-19,72.0,-839916.0,0.0
2017-08-20,,-919908.0,0.0
2017-08-21,,-799920.0,0.0
2017-08-22,107.0,-919908.0,0.0
2017-08-23,477.0,-919908.0,82.0
2017-08-24,7.0,-919908.0,547.0
2017-08-25,67.0,,53.0
2017-08-26,975.0,,1022.0
2017-08-27,2166.0,,
2017-08-28,297.0,,
2017-08-29,347.0,,
2017-08-30,1111.0,-839916.0,652.0
2017-08-31,34.0,-919908.0,146.0
2017-09-01,0.0,-919908.0,3.0
2017-09-02,0.0,-919908.0,21.0
2017-09-03,90.0,-919908.0,112.0
2017-09-04,1234.0,-889911.0,2.0
2017-09-05,443.0,-909909.0,274.0
2017-09-06,702.0,-879912.0,235.0
2017-09-07,281.0,-759924.0,262.0
2017-09-08,,-819918.0,660.0
2017-09-09,1.0,-919908.0,19.0
2017-09-10,333.0,-799920.0,520.0
2017-09-11,31.0,-719928.0,84.0
2017-09-12,775.0,-799920.0,59.0
2017-09-13,11.0,-919908.0,1.0
2017-09-14,5.0,-879912.0,23.0
2017-09-15,1.0,-799920.0,76.0
2017-09-16,384.0,-919908.0,632.0
2017-09-17,523.0,-919908.0,226.0
2017-09-18,880.0,-849915.0,653.0
2017-09-19,41.0,-869913.0,209.0
2017-09-20,1397.0,-919908.0,955.0
2017-09-21,1530.0,-919908.0,555.0
2017-09-22,27.0,-919908.0,19.0
2017-09-23,0.0,-919908.0,0.0
2017-09-24,0.0,-799920.0,
2017-09-25,707.0,-919908.0,
2017-09-26,16.0,-919908.0,3.0
2017-09-27,21.0,-919908.0,19.0
2017-09-28,1718.0,-919908.0,183.0
2017-09-29,595.0,-849915.0,500.0
2017-09-30,74.0,,1015.0
2017-10-01,114.0,,166.0
2017-10-02,471.0,,375.0
2017-10-03,5.0,,68.0
2017-10-04,0.0,,269.0
2017-10-05,27.0,,24.0
2017-10-06,119.0,,332.0
2017-10-07,902.0,,51.0
2017-10-08,77.0,,
2017-10-09,1.0,,83.0
2017-10-10,2668.0,,66.0
2017-10-11,122.0,,46.0
2017-10-12,1.0,,1.0
2017-10-13,0.0,,0.0
2017-10-14,903.0,,907.0
2017-10-15,2524.0,,616.0
2017-10-16,404.0,,285.0
2017-10-17,84.0,,301.0
2017-10-18,659.0,,590.0
2017-10-19,1266.0,,1279.0
2017-10-20,266.0,,1161.0
2017-10-21,6.0,,
2017-10-22,93.0,,
2017-10-23,2380.0,,
2017-10-24,38.0,,82.0
2017-10-25,0.0,,1.0
2017-10-26,225.0,-839916.0,0.0
2017-10-27,281.0,-879912.0,25.0
2017-10-28,8.0,-799920.0,1.0
2017-10-29,251.0,-919908.0,60.0
2017-10-30,992.0,-839916.0,189.0
2017-10-31,126.0,-919908.0,2.0
2017-11-01,1902.0,-919908.0,101.0
2017-11-02,38.0,-849915.0,2.0
2017-11-03,0.0,-909909.0,136.0
2017-11-04,161.0,-839916.0,
2017-11-05,57.0,-919908.0,
2017-11-06,1.0,-809919.0,
2017-11-07,-19147.0,-819918.0,
2017-11-08,961.0,-789921.0,
2017-11-09,47.0,-919908.0,
2017-11-10,65.0,,
2017-11-11,146.0,,
2017-11-12,2755.0,,
2017-11-13,,,
2017-11-14,,,
2017-11-15,0.0,,
2017-11-16,230.0,,
2017-11-17,171.0,,
2017-11-18,250.0,,
2017-11-19,419.0,,
2017-11-20,2790.0,,
2017-11-21,36.0,,
2017-11-22,0.0,,
2017-11-23,0.0,0.0,
2017-11-24,0.0,0.0,
2017-11-25,254.0,47.0,
2017-11-26,914.0,173.0,
2017-11-27,416.0,0.0,
2017-11-28,13.0,0.0,
2017-11-29,0.0,0.0,
2017-11-30,38.0,0.0,
2017-12-01,866.0,189.0,
2017-12-02,492.0,0.0,
2017-12-03,57.0,883.0,
2017-12-04,1.0,0.0,
2017-12-05,192.0,0.0,
2017-12-06,0.0,0.0,
2017-12-07,78.0,32.0,434.0
2017-12-08,342.0,0.0,89.0
2017-12-09,434.0,,1.0
2017-12-10,84.0,,2288.0
2017-12-11,2890.0,,260.0
2017-12-12,977.0,,308.0
2017-12-13,3850.0,256.0,46.0
2017-12-14,143.0,0.0,5.0
2017-12-15,6.0,0.0,286.0
2017-12-16,38.0,22.0,11.0
2017-12-17,1039.0,418.0,2381.0
2017-12-18,42.0,0.0,34.0
2017-12-19,530.0,130.0,0.0
2017-12-20,548.0,2225.0,0.0
2017-12-21,86.0,1195.0,271.0
2017-12-22,24.0,25.0,98.0
2017-12-23,455.0,97.0,102.0
2017-12-24,1146.0,170.0,680.0
2017-12-25,14.0,0.0,50.0
2017-12-26,140.0,0.0,54.0
2017-12-27,5.0,424.0,2.0
2017-12-28,1010.0,31.0,429.0
2017-12-29,49.0,0.0,10.0
2017-12-30,227.0,196.0,41.0
2017-12-31,540.0,1836.0,1467.0
2018-01-01,178.0,0.0,27.0
2018-01-02,1290.0,5.0,137.0
2018-01-03,5904.0,,35.0
2018-01-04,521.0,,291.0
2018-01-05,572.0,,54.0
2018-01-06,359.0,,291.0
2018-01-07,9.0,,8.0
2018-01-08,0.0,,0.0
2018-01-09,69.0,630.0,124.0
2018-01-10,35.0,23.0,6.0
2018-01-11,236.0,0.0,0.0
2018-01-12,6.0,0.0,0.0
2018-01-13,31.0,0.0,8.0
2018-01-14,236.0,214.0,141.0
2018-01-15,70.0,0.0,532.0
2018-01-16,1.0,,566.0
2018-01-17,46.0,,65.0
2018-01-18,65.0,363.0,218.0
2018-01-19,1.0,88.0,486.0
2018-01-20,,,
2018-01-21,,,
2018-01-22,0.0,,38.0
2018-01-23,114.0,,73.0
2018-01-24,1087.0,,692.0
2018-01-25,203.0,,413.0
2018-01-26,785.0,,
2018-01-27,112.0,,
2018-01-28,53.0,,
2018-01-29,651.0,,
2018-01-30,1165.0,,
2018-01-31,139.0,,
2018-02-01,4.0,,
2018-02-02,0.0,,
2018-02-03,222.0,,
2018-02-04,,,
2018-02-05,,,
2018-02-06,,,
2018-02-07,,,
2018-02-08,,,
2018-02-09,,,
2018-02-10,,,
2018-02-11,,,
2018-02-12,,,
2018-02-13,,,
2018-02-14,,,
2018-02-15,,,
2018-02-16,,,
2018-02-17,,,
2018-02-18,,,
2018-02-19,,,
2018-02-20,,,
2018-02-21,,,
2018-02-22,,,
2018-02-23,,,
2018-02-24,,,
2018-02-25,,,
2018-02-26,,,
2018-02-27,,,
2018-02-28,,,
2018-03-01,,,
2018-03-02,,,
2018-03-03,,367.0,
2018-03-04,,6.0,
2018-03-05,,,
2018-03-06,,0.0,
2018-03-07,,-9999.0,
2018-03-08,,,
2018-03-09,,,
2018-03-10,,0.0,
2018-03-11,,0.0,
2018-03-12,,0.0,
2018-03-13,,0.0,
2018-03-14,,0.0,
2018-03-15,,,
2018-03-16,,,
2018-03-17,,,
2018-03-18,,,
2018-03-19,,,
2018-03-20,,,
2018-03-21,,,
2018-03-22,,,
2018-03-23,,,
2018-03-24,,,
2018-03-25,,,
2018-03-26,,,
2018-03-27,,,
2018-03-28,,,21.0
2018-03-29,0.0,,0.0
2018-03-30,0.0,,0.0
2018-03-31,0.0,,0.0
2018-04-01,0.0,,0.0
2018-04-02,0.0,,61.0
2018-04-03,0.0,,
2018-04-04,0.0,,
2018-04-05,0.0,,
2018-04-06,0.0,,
2018-04-07,,,
2018-04-08,,,
2018-04-09,,,
2018-04-10,,,
2018-04-11,,,
2018-04-12,1.0,,
2018-04-13,0.0,,0.0
2018-04-14,57.0,,0.0
2018-04-15,1.0,,0.0
2018-04-16,211.0,,67.0
2018-04-17,263.0,,177.0
2018-04-18,998.0,5592.0,246.0
2018-04-19,2036.0,709.0,163.0
2018-04-20,429.0,1034.0,6.0
2018-04-21,924.0,30.0,36.0
2018-04-22,658.0,33.0,227.0
2018-04-23,1764.0,1116.0,586.0
2018-04-24,123.0,3183.0,
2018-04-25,65.0,718.0,992.0
2018-04-26,448.0,0.0,149.0
2018-04-27,5.0,0.0,7.0
2018-04-28,1999.0,0.0,569.0
2018-04-29,,0.0,5.0
2018-04-30,,0.0,333.0
2018-05-01,,,94.0
2018-05-02,,,128.0
2018-05-03,630.0,5.0,1348.0
2018-05-04,111.0,752.0,221.0
2018-05-05,177.0,63.0,38.0
2018-05-06,536.0,50.0,166.0
2018-05-07,1123.0,96.0,
2018-05-08,84.0,388.0,
2018-05-09,1.0,64.0,
2018-05-10,308.0,0.0,
2018-05-11,142.0,0.0,
2018-05-12,4.0,97.0,
2018-05-13,0.0,286.0,
2018-05-14,0.0,659.0,
2018-05-15,0.0,,
2018-05-16,2003.0,,
2018-05-17,110.0,,
2018-05-18,2.0,,
2018-05-19,39.0,,
2018-05-20,25.0,,
2018-05-21,3978.0,,
2018-05-22,1274.0,,
2018-05-23,30.0,,
2018-05-24,0.0,,0.0
2018-05-25,579.0,,775.0
2018-05-26,21.0,,284.0
2018-05-27,0.0,,7.0
2018-05-28,903.0,,186.0
2018-05-29,243.0,,344.0
2018-05-30,1040.0,,263.0
2018-05-31,1125.0,,395.0
2018-06-01,383.0,,269.0
2018-06-02,566.0,,149.0
2018-06-03,7.0,,2.0
2018-06-04,0.0,,0.0
2018-06-05,0.0,,0.0
2018-06-06,537.0,,0.0
2018-06-07,8.0,,0.0
2018-06-08,0.0,,0.0
2018-06-09,0.0,,0.0
2018-06-10,,,
2018-06-11,,,
2018-06-12,,,
2018-06-13,,,
2018-06-14,0.0,,0.0
2018-06-15,0.0,,0.0
2018-06-16,,,
2018-06-17,0.0,,0.0
2018-06-18,0.0,,0.0
2018-06-19,0.0,,37.0
2018-06-20,39.0,,44.0
2018-06-21,,,
2018-06-22,167.0,,1.0
2018-06-23,6.0,,0.0
2018-06-24,607.0,,60.0
2018-06-25,2625.0,,324.0
2018-06-26,54.0,,
2018-06-27,2961.0,,
2018-06-28,175.0,,281.0
2018-06-29,2.0,,8.0
2018-06-30,3261.0,,1666.0
2018-07-01,414.0,,1173.0
2018-07-02,29.0,,380.0
2018-07-03,1.0,,136.0
2018-07-04,106.0,,46.0
2018-07-05,74.0,,2.0
2018-07-06,1.0,,0.0
2018-07-07,853.0,,2188.0
2018-07-08,10.0,,26.0
2018-07-09,11.0,,
2018-07-10,322.0,,
2018-07-11,1088.0,,
2018-07-12,,,
2018-07-13,,,
2018-07-14,,,
2018-07-15,,,
2018-07-16,,,
2018-07-17,,,
2018-07-18,,,
2018-07-19,,,
2018-07-20,,,
2018-07-21,,,
2018-07-22,,,
2018-07-23,,,
2018-07-24,,,
2018-07-25,,,
2018-07-26,,,
2018-07-27,,,
2018-07-28,,,
2018-07-29,,,
2018-07-30,,,
2018-07-31,,,
2018-08-01,,,
2018-08-02,,,
2018-08-03,,,
2018-08-04,,,
2018-08-05,,,
2018-08-06,,,
2018-08-07,,,
2018-08-08,,,
2018-08-09,,,
2018-08-10,,,
2018-08-11,0.0,,
2018-08-12,0.0,,
2018-08-13,,,
2018-08-14,0.0,,
2018-08-15,,,
2018-08-16,,,
2018-08-17,639.0,,
2018-08-18,19.0,,
2018-08-19,0.0,,
2018-08-20,33.0,,
2018-08-21,1.0,,185.0
2018-08-22,9.0,,2.0
2018-08-23,135.0,,0.0
2018-08-24,,,429.0
2018-08-25,,,97.0
2018-08-26,,,1.0
2018-08-27,,,0.0
2018-08-28,,,0.0
2018-08-29,,,0.0
2018-08-30,,,
2018-08-31,0.0,,0.0
2018-09-01,586.0,,23.0
2018-09-02,,,47.0
2018-09-03,,,1.0
2018-09-04,1029.0,,539.0
2018-09-05,29.0,,6.0
2018-09-06,71.0,,0.0
2018-09-07,1.0,,0.0
2018-09-08,530.0,,617.0
2018-09-09,90.0,,630.0
2018-09-10,189.0,,826.0
2018-09-11,33.0,,153.0
2018-09-12,95.0,,4.0
2018-09-13,113.0,,429.0
2018-09-14,17.0,,206.0
2018-09-15,167.0,,
2018-09-16,,,
2018-09-17,,,
2018-09-18,,,
2018-09-19,,,
2018-09-20,,,
2018-09-21,,,
2018-09-22,,,
2018-09-23,,,
2018-09-24,,,
2018-09-25,,,
2018-09-26,0.0,,
2018-09-27,0.0,,
2018-09-28,0.0,,0.0
2018-09-29,0.0,,0.0
2018-09-30,0.0,,0.0
2018-10-01,1548.0,,86.0
2018-10-02,21.0,,131.0
2018-10-03,214.0,,5.0
2018-10-04,3.0,,0.0
2018-10-05,30.0,,0.0
2018-10-06,1.0,,186.0
2018-10-07,0.0,,6.0
2018-10-08,0.0,,0.0
2018-10-09,,,
2018-10-10,,,
2018-10-11,,0.0,
2018-10-12,,0.0,
2018-10-13,813.0,272.0,0.0
2018-10-14,1435.0,,708.0
2018-10-15,214.0,,164.0
2018-10-16,2.0,,1284.0
2018-10-17,0.0,,32.0
2018-10-18,1956.0,,198.0
2018-10-19,194.0,,216.0
2018-10-20,360.0,,5.0
2018-10-21,523.0,,25.0
2018-10-22,15.0,,
2018-10-23,20.0,,
2018-10-24,169.0,,0.0
2018-10-25,4.0,,0.0
2018-10-26,0.0,,65.0
2018-10-27,0.0,,319.0
2018-10-28,325.0,,376.0
2018-10-29,908.0,,9.0
2018-10-30,714.0,,0.0
2018-10-31,9.0,,52.0
2018-11-01,0.0,,461.0
2018-11-02,0.0,55.0,30.0
2018-11-03,0.0,0.0,1.0
2018-11-04,889.0,0.0,203.0
2018-11-05,69.0,0.0,
2018-11-06,861.0,315.0,
2018-11-07,612.0,0.0,
2018-11-08,43.0,0.0,
2018-11-09,1.0,8.0,9.0
2018-11-10,1225.0,0.0,197.0
2018-11-11,771.0,0.0,5.0
2018-11-12,434.0,164.0,0.0
2018-11-13,57.0,0.0,554.0
2018-11-14,472.0,112.0,628.0
2018-11-15,49.0,6.0,16.0
2018-11-16,762.0,539.0,278.0
2018-11-17,11.0,0.0,3.0
2018-11-18,0.0,0.0,0.0
2018-11-19,0.0,,0.0
2018-11-20,0.0,,
2018-11-21,0.0,,-9999.0
2018-11-22,619.0,9.0,20.0
2018-11-23,337.0,128.0,20.0
2018-11-24,32.0,11.0,121.0
2018-11-25,1349.0,379.0,3.0
2018-11-26,20.0,4.0,63.0
2018-11-27,0.0,0.0,229.0
2018-11-28,0.0,0.0,47.0
2018-11-29,0.0,0.0,31.0
2018-11-30,351.0,0.0,388.0
2018-12-01,50.0,0.0,7.0
2018-12-02,511.0,0.0,228.0
2018-12-03,15.0,0.0,6.0
2018-12-04,120.0,0.0,701.0
2018-12-05,5.0,223.0,55.0
2018-12-06,583.0,110.0,81.0
2018-12-07,872.0,98.0,86.0
2018-12-08,225.0,0.0,2.0
2018-12-09,6.0,0.0,199.0
2018-12-10,0.0,0.0,164.0
2018-12-11,0.0,0.0,3.0
2018-12-12,0.0,,0.0
2018-12-13,18.0,,0.0
2018-12-14,1.0,0.0,0.0
2018-12-15,171.0,0.0,0.0
2018-12-16,1185.0,,
2018-12-17,282.0,,
2018-12-18,55.0,37.0,5.0
2018-12-19,1196.0,0.0,66.0
2018-12-20,,0.0,1.0
2018-12-21,,0.0,0.0
2018-12-22,,0.0,91.0
2018-12-23,,53.0,233.0
2018-12-24,,624.0,371.0
2018-12-25,0.0,90.0,5.0
2018-12-26,5.0,2.0,0.0
2018-12-27,532.0,0.0,0.0
2018-12-28,320.0,0.0,0.0
2018-12-29,486.0,,106.0
2018-12-30,93.0,,
2018-12-31,351.0,,
2019-01-01,469.0,305.0,1614.0
2019-01-02,22.0,0.0,19.0
2019-01-03,,,
2019-01-04,0.0,92.0,631.0
2019-01-05,0.0,,7.0
2019-01-06,0.0,,53.0
2019-01-07,418.0,,80.0
2019-01-08,14.0,0.0,174.0
2019-01-09,-19998.0,-19998.0,-19996.0
2019-01-10,0.0,0.0,0.0
2019-01-11,0.0,0.0,0.0
2019-01-12,0.0,156.0,167.0
2019-01-13,0.0,91.0,102.0
2019-01-14,0.0,0.0,108.0
2019-01-15,0.0,39.0,481.0
2019-01-16,0.0,35.0,19.0
2019-01-17,0.0,0.0,1.0
2019-01-18,0.0,0.0,0.0
2019-01-19,0.0,0.0,0.0
2019-01-20,0.0,0.0,0.0
2019-01-21,,0.0,0.0
2019-01-22,,,14.0
2019-01-23,,,11.0
2019-01-24,14.0,,
2019-01-25,58.0,,
2019-01-26,313.0,476.0,
2019-01-27,384.0,,
2019-01-28,5.0,,
2019-01-29,0.0,0.0,
2019-01-30,0.0,0.0,
2019-01-31,,,
2019-02-01,,,
2019-02-02,,,
2019-02-03,,,
2019-02-04,,,
2019-02-05,,,
2019-02-06,,,
2019-02-07,,,
2019-02-08,,,
2019-02-09,,,
2019-02-10,,0.0,0.0
2019-02-11,,0.0,0.0
2019-02-12,0.0,,
2019-02-13,0.0,0.0,
2019-02-14,0.0,0.0,0.0
2019-02-15,0.0,0.0,0.0
2019-02-16,0.0,0.0,0.0
2019-02-17,0.0,0.0,0.0
2019-02-18,29.0,295.0,0.0
2019-02-19,1.0,272.0,0.0
2019-02-20,0.0,0.0,0.0
2019-02-21,0.0,0.0,0.0
2019-02-22,0.0,0.0,0.0
2019-02-23,0.0,0.0,0.0
2019-02-24,0.0,,51.0
2019-02-25,39.0,,2.0
2019-02-26,1.0,0.0,0.0
2019-02-27,0.0,0.0,
2019-02-28,0.0,,
2019-03-01,0.0,,
2019-03-02,0.0,0.0,0.0
2019-03-03,0.0,0.0,0.0
2019-03-04,0.0,0.0,0.0
2019-03-05,0.0,0.0,0.0
2019-03-06,0.0,1.0,0.0
2019-03-07,524.0,0.0,
2019-03-08,,,
2019-03-09,,,
2019-03-10,,,
2019-03-11,,,
2019-03-12,,,
2019-03-13,,,
2019-03-14,,,
2019-03-15,,,
2019-03-16,,,
2019-03-17,,,
2019-03-18,,,
2019-03-19,,,
2019-03-20,,,
2019-03-21,,,
2019-03-22,,,
2019-03-23,,,
2019-03-24,,,
2019-03-25,,,
2019-03-26,,,
2019-03-27,,,
2019-03-28,,,
2019-03-29,,,
2019-03-30,,,
2019-03-31,,,
2019-04-01,,,
2019-04-02,,,
2019-04-03,,,
2019-04-04,,,
2019-04-05,,,
2019-04-06,,,
2019-04-07,,,
2019-04-08,,,
2019-04-09,0.0,,
2019-04-10,570.0,,
2019-04-11,45.0,,
2019-04-12,,,
2019-04-13,,,
2019-04-14,,,
2019-04-15,,,0.0
2019-04-16,0.0,,
2019-04-17,,,
2019-04-18,,,0.0
2019-04-19,,,
2019-04-20,,,
2019-04-21,,53.0,0.0
2019-04-22,,0.0,0.0
2019-04-23,155.0,0.0,0.0
2019-04-24,6.0,,26.0
2019-04-25,,,
2019-04-26,,,
2019-04-27,188.0,0.0,228.0
2019-04-28,1480.0,0.0,36.0
2019-04-29,134.0,0.0,3.0
2019-04-30,686.0,0.0,
2019-05-01,1036.0,0.0,
2019-05-02,21.0,0.0,
2019-05-03,0.0,10.0,8.0
2019-05-04,2246.0,,
2019-05-05,58.0,,
2019-05-06,0.0,,0.0
2019-05-07,0.0,0.0,0.0
2019-05-08,0.0,0.0,0.0
2019-05-09,556.0,0.0,0.0
2019-05-10,19.0,,0.0
2019-05-11,606.0,,
2019-05-12,19.0,,
2019-05-13,0.0,,
2019-05-14,360.0,,
2019-05-15,30.0,,
2019-05-16,443.0,,
2019-05-17,4063.0,,
2019-05-18,512.0,,
2019-05-19,,,
2019-05-20,,,
2019-05-21,37.0,,
2019-05-22,,,
2019-05-23,,,
2019-05-24,0.0,,
2019-05-25,347.0,,236.0
2019-05-26,193.0,,
2019-05-27,3.0,,
2019-05-28,0.0,,0.0
2019-05-29,0.0,,0.0
2019-05-30,,,
2019-05-31,,,
2019-06-01,,,
2019-06-02,,,
2019-06-03,,,
2019-06-04,,,
2019-06-05,,,
2019-06-06,,,
2019-06-07,,,
2019-06-08,,,
2019-06-09,,,
2019-06-10,,,209.0
2019-06-11,0.0,,4.0
2019-06-12,0.0,,
2019-06-13,,,
2019-06-14,,,
2019-06-15,23.0,,
2019-06-16,156.0,,
2019-06-17,,,
2019-06-18,,,
2019-06-19,,,
2019-06-20,,,
2019-06-21,,,
2019-06-22,,,
2019-06-23,,,43.0
2019-06-24,,,5.0
2019-06-25,,,
2019-06-26,,,
2019-06-27,,,0.0
2019-06-28,,,180.0
2019-06-29,,,2.0
2019-06-30,,,0.0
2019-07-01,,,0.0
2019-07-02,,,96.0
2019-07-03,,,265.0
2019-07-04,,,249.0
2019-07-05,,,81.0
2019-07-06,,,42.0
2019-07-07,,,4.0
2019-07-08,,,
2019-07-09,,,4.0
2019-07-10,,,55.0
2019-07-11,,,28.0
2019-07-12,,,265.0
2019-07-13,,,
2019-07-14,,,
2019-07-15,,,
2019-07-16,,,
2019-07-17,,,
2019-07-18,,,
2019-07-19,,,
2019-07-20,,,
2019-07-21,,,
2019-07-22,,,
2019-07-23,,,
2019-07-24,,,
2019-07-25,,,
2019-07-26,,,
2019-07-27,,,
2019-07-28,,,
2019-07-29,,,
2019-07-30,,,
2019-07-31,,,
2019-08-01,,,
2019-08-02,,,
2019-08-03,,,
2019-08-04,,,
2019-08-05,,,
2019-08-06,,,
2019-08-07,,,
2019-08-08,,,
2019-08-09,,,
2019-08-10,,,0.0
2019-08-11,,,
2019-08-12,,,
2019-08-13,,,
2019-08-14,,,
2019-08-15,,,
2019-08-16,,,186.0
2019-08-17,,,521.0
2019-08-18,,,1763.0
2019-08-19,13.0,,121.0
2019-08-20,6293.0,,226.0
2019-08-21,97.0,,190.0
2019-08-22,0.0,,2.0
2019-08-23,71.0,,0.0
2019-08-24,1.0,,0.0
2019-08-25,0.0,,0.0
2019-08-26,3945.0,,0.0
2019-08-27,415.0,,274.0
2019-08-28,55.0,,16.0
2019-08-29,3.0,,94.0
2019-08-30,0.0,,1.0
2019-08-31,0.0,,0.0
2019-09-01,0.0,,4.0
2019-09-02,33.0,,1.0
2019-09-03,,,0.0
2019-09-04,,,0.0
2019-09-05,,,0.0
2019-09-06,,,0.0
2019-09-07,,,
2019-09-08,,,
2019-09-09,,,
2019-09-10,,,
2019-09-11,,,
2019-09-12,,,
2019-09-13,,,1033.0
2019-09-14,,,274.0
2019-09-15,,,3.0
2019-09-16,,,0.0
2019-09-17,,,0.0
2019-09-18,,,0.0
2019-09-19,,,0.0
2019-09-20,,,0.0
2019-09-21,,,0.0
2019-09-22,,,101.0
2019-09-23,,,
2019-09-24,,,0.0
2019-09-25,,,0.0
2019-09-26,,,0.0
2019-09-27,,,167.0
2019-09-28,,,
2019-09-29,,,
2019-09-30,1241.0,,1258.0
2019-10-01,,,
2019-10-02,,,
2019-10-03,,,
2019-10-04,,,
2019-10-05,,,
2019-10-06,,,
2019-10-07,,,
2019-10-08,,,
2019-10-09,,,
2019-10-10,760.0,,
2019-10-11,15.0,,
2019-10-12,,,
2019-10-13,,,
2019-10-14,,,
2019-10-15,,,
2019-10-16,,,
2019-10-17,,,
2019-10-18,,,
2019-10-19,,,
2019-10-20,,,
2019-10-21,,,
2019-10-22,,,
2019-10-23,,,
2019-10-24,,,
2019-10-25,52.0,,85.0
2019-10-26,177.0,200.0,653.0
2019-10-27,43.0,23.0,23.0
2019-10-28,1171.0,,1023.0
2019-10-29,138.0,,0.0
2019-10-30,10.0,0.0,0.0
2019-10-31,265.0,607.0,
2019-11-01,1716.0,,
2019-11-02,3861.0,,
2019-11-03,55.0,,
2019-11-04,79.0,,
2019-11-05,282.0,,
2019-11-06,,,
2019-11-07,,,
2019-11-08,,,
2019-11-09,,,
2019-11-10,,,
2019-11-11,,,
2019-11-12,,,
2019-11-13,,,
2019-11-14,,,
2019-11-15,,,
2019-11-16,,,
2019-11-17,,,
2019-11-18,,,
2019-11-19,329.0,,0.0
2019-11-20,218.0,,35.0
2019-11-21,897.0,,12.0
2019-11-22,,,60.0
2019-11-23,1528.0,,144.0
2019-11-24,32.0,,75.0
2019-11-25,512.0,,93.0
2019-11-26,71.0,,721.0
2019-11-27,145.0,,44.0
2019-11-28,82.0,,118.0
2019-11-29,4.0,,804.0
2019-11-30,0.0,,1085.0
2019-12-01,175.0,,98.0
2019-12-02,0.0,,11.0
2019-12-03,0.0,,0.0
2019-12-04,397.0,,263.0
2019-12-05,12.0,,9.0
2019-12-06,51.0,,0.0
2019-12-07,1257.0,,1211.0
2019-12-08,370.0,,1314.0
2019-12-09,352.0,,186.0
2019-12-10,14.0,,8.0
2019-12-11,0.0,,507.0
2019-12-12,2980.0,,39.0
2019-12-13,79.0,,155.0
2019-12-14,36.0,,2.0
2019-12-15,114.0,,876.0
2019-12-16,25.0,,19.0
2019-12-17,172.0,,20.0
2019-12-18,730.0,,349.0
2019-12-19,672.0,,49.0
2019-12-20,229.0,,1.0
2019-12-21,1199.0,,56.0
2019-12-22,28.0,,1.0
2019-12-23,1052.0,,405.0
2019-12-24,808.0,,854.0
2019-12-25,147.0,,63.0
2019-12-26,705.0,,446.0
2019-12-27,145.0,,12.0
2019-12-28,2.0,,17.0
2019-12-29,,,1.0
2019-12-30,,,505.0
2019-12-31,0.0,,17.0
2020-01-01,0.0,,0.0
2020-01-02,41.0,,51.0
2020-01-03,1.0,,13.0
2020-01-04,0.0,,80.0
2020-01-05,0.0,,1.0
2020-01-06,0.0,,0.0
2020-01-07,0.0,,19.0
2020-01-08,44.0,,1.0
2020-01-09,1.0,,53.0
2020-01-10,0.0,,600.0
2020-01-11,2232.0,,1209.0
2020-01-12,1382.0,,76.0
2020-01-13,84.0,,94.0
2020-01-14,37.0,,1.0
2020-01-15,2.0,,0.0
2020-01-16,0.0,,140.0
2020-01-17,690.0,,874.0
2020-01-18,122.0,,177.0
2020-01-19,1.0,,7.0
2020-01-20,0.0,,0.0
2020-01-21,0.0,,0.0
2020-01-22,0.0,,0.0
2020-01-23,0.0,,0.0
2020-01-24,0.0,,0.0
2020-01-25,0.0,,0.0
2020-01-26,16.0,,82.0
2020-01-27,473.0,,56.0
2020-01-28,15.0,,2.0
2020-01-29,0.0,,50.0
2020-01-30,777.0,,1.0
2020-01-31,0.0,,9.0
2020-02-01,0.0,,1.0
2020-02-02,0.0,,0.0
2020-02-03,0.0,,0.0
2020-02-04,0.0,,0.0
2020-02-05,0.0,,0.0
2020-02-06,0.0,,0.0
2020-02-07,0.0,,28.0
2020-02-08,,,118.0
2020-02-09,,,27.0
2020-02-10,,,1.0
2020-02-11,1.0,,9.0
2020-02-12,0.0,,87.0
2020-02-13,0.0,,
2020-02-14,0.0,,
2020-02-15,0.0,,
2020-02-16,0.0,,
2020-02-17,0.0,,
2020-02-18,0.0,,
2020-02-19,,,
2020-02-20,,,
2020-02-21,,,
2020-02-22,,,
2020-02-23,,,
2020-02-24,,,
2020-02-25,,,
2020-02-26,,,
2020-02-27,,,
2020-02-28,,,
2020-02-29,,,
2020-03-01,,,
2020-03-02,,,
2020-03-03,,,
2020-03-04,,,
2020-03-05,,,
2020-03-06,,,
2020-03-07,,,
2020-03-08,,,
2020-03-09,,,
2020-03-10,,,
2020-03-11,,,
2020-03-12,,,
2020-03-13,,,
2020-03-14,,,
2020-03-15,,,
2020-03-16,,,
2020-03-17,,,
2020-03-18,,,
2020-03-19,,,
2020-03-20,,,
2020-03-21,,,
2020-03-22,,,
2020-03-23,,,
2020-03-24,,,
2020-03-25,,,
2020-03-26,,,
2020-03-27,,,
2020-03-28,,,
2020-03-29,,,
2020-03-30,,,
2020-03-31,,,
2020-04-01,,,
2020-04-02,,,
2020-04-03,,,
2020-04-04,,,
2020-04-05,,,
2020-04-06,,,
2020-04-07,,,
2020-04-08,,,
2020-04-09,,,
2020-04-10,,,
2020-04-11,,,
2020-04-12,,,
2020-04-13,,,
2020-04-14,,,
2020-04-15,,,
2020-04-16,,,
2020-04-17,,,
2020-04-18,,,
2020-04-19,,,
2020-04-20,,,
2020-04-21,,,
2020-04-22,,,
2020-04-23,,,
2020-04-24,,,
2020-04-25,,,
2020-04-26,,,
2020-04-27,,,
2020-04-28,,,
2020-04-29,,,
2020-04-30,,,
2020-05-01,,,
2020-05-02,,,
2020-05-03,,,
2020-05-04,,,
2020-05-05,,,
2020-05-06,,,
2020-05-07,,,
2020-05-08,,,
2020-05-09,,,
2020-05-10,,,
2020-05-11,,,
2020-05-12,,,
2020-05-13,,,
2020-05-14,,,
2020-05-15,,,
2020-05-16,,,
2020-05-17,,,
2020-05-18,,,
2020-05-19,,,
2020-05-20,,,
2020-05-21,,,
2020-05-22,,,
2020-05-23,,,
2020-05-24,,,
2020-05-25,,,
2020-05-26,,,
2020-05-27,,,
2020-05-28,,,
2020-05-29,,,
2020-05-30,,,
2020-05-31,,,
2020-06-01,,,
2020-06-02,,,
2020-06-03,,,
2020-06-04,,,
2020-06-05,,,
2020-06-06,,,
2020-06-07,,,
2020-06-08,,,
2020-06-09,,,
2020-06-10,,,
2020-06-11,,,
2020-06-12,,,
2020-06-13,,,
2020-06-14,,,
2020-06-15,,,
2020-06-16,,,
2020-06-17,,,
2020-06-18,,,
2020-06-19,,,
2020-06-20,,,
2020-06-21,,,
2020-06-22,,,
2020-06-23,,,
2020-06-24,,,
2020-06-25,,,
2020-06-26,,,
2020-06-27,,,
2020-06-28,,,
2020-06-29,,,
2020-06-30,,,
2020-07-01,,,
2020-07-02,,,
2020-07-03,,,
2020-07-04,,,
2020-07-05,,,
2020-07-06,,,
2020-07-07,,,
2020-07-08,,,
2020-07-09,,,
2020-07-10,,,
2020-07-11,,,
2020-07-12,,,
2020-07-13,,,
2020-07-14,,,
2020-07-15,,,
2020-07-16,,,
2020-07-17,,,
2020-07-18,,,
2020-07-19,,,
2020-07-20,,,
2020-07-21,,,
2020-07-22,,,
2020-07-23,,,
2020-07-24,,,
2020-07-25,,,
2020-07-26,,,
2020-07-27,,,
2020-07-28,,,
2020-07-29,,,
2020-07-30,,,
2020-07-31,,,
2020-08-01,,,
2020-08-02,,,
2020-08-03,,,
2020-08-04,,,
2020-08-05,,,
2020-08-06,,,
2020-08-07,,,
2020-08-08,,,
2020-08-09,,,
2020-08-10,,,
2020-08-11,,,
2020-08-12,,,
2020-08-13,,,
2020-08-14,,,
2020-08-15,,,
2020-08-16,,,
2020-08-17,,,
2020-08-18,,,
2020-08-19,,,
2020-08-20,,,
2020-08-21,,,
2020-08-22,,,
2020-08-23,,,
2020-08-24,,,
2020-08-25,,,
2020-08-26,,,
2020-08-27,,,
2020-08-28,,,
2020-08-29,,,
2020-08-30,,,
2020-08-31,,,
2020-09-01,,,
2020-09-02,,,
2020-09-03,,,
2020-09-04,,,
2020-09-05,,,
2020-09-06,,,
2020-09-07,,,
2020-09-08,,,
2020-09-09,,,
2020-09-10,,,
2020-09-11,,,
2020-09-12,,,
2020-09-13,,,
2020-09-14,,,
2020-09-15,,,
2020-09-16,,,
2020-09-17,,,
2020-09-18,,,
2020-09-19,,,
2020-09-20,,,
2020-09-21,,,
2020-09-22,,,
2020-09-23,,,
2020-09-24,,,
2020-09-25,,,
2020-09-26,,,
2020-09-27,,,
2020-09-28,,,
2020-09-29,,,
2020-09-30,,,
2020-10-01,,,
2020-10-02,,,
2020-10-03,,,
2020-10-04,,,
2020-10-05,,,
2020-10-06,,,
2020-10-07,,,
2020-10-08,,,
2020-10-09,,,
2020-10-10,,,
2020-10-11,,,
2020-10-12,,,
2020-10-13,,,
2020-10-14,,,
2020-10-15,,,
2020-10-16,,,
2020-10-17,,,
2020-10-18,,,
2020-10-19,,,
2020-10-20,,,
2020-10-21,,,
2020-10-22,,,
2020-10-23,,,
2020-10-24,,,
2020-10-25,,,
2020-10-26,,,
2020-10-27,,,
2020-10-28,,,
2020-10-29,,,
2020-10-30,,,
2020-10-31,,,
2020-11-01,,,
2020-11-02,,,
2020-11-03,,,
2020-11-04,,,
2020-11-05,,,
2020-11-06,,,
2020-11-07,,,
2020-11-08,,,
2020-11-09,,,
2020-11-10,,,
2020-11-11,,,
2020-11-12,,,
2020-11-13,,,
2020-11-14,,,
2020-11-15,,,
2020-11-16,,,
2020-11-17,,,
2020-11-18,,,
2020-11-19,64.0,,1462.0
2020-11-20,4.0,,599.0
2020-11-21,0.0,,23.0
2020-11-22,602.0,,
2020-11-23,442.0,,
2020-11-24,1161.0,,
2020-11-25,728.0,,812.0
2020-11-26,20.0,,
2020-11-27,179.0,,
2020-11-28,823.0,,762.0
2020-11-29,50.0,,325.0
2020-11-30,52.0,,953.0
2020-12-01,,,
2020-12-02,120.0,,0.0
2020-12-03,117.0,,0.0
2020-12-04,240.0,,464.0
2020-12-05,238.0,,
2020-12-06,579.0,,1585.0
2020-12-07,314.0,,52.0
2020-12-08,252.0,,0.0
2020-12-09,,,365.0
2020-12-10,,,5.0
2020-12-11,,,24.0
2020-12-12,723.0,,1.0
2020-12-13,410.0,,317.0
2020-12-14,838.0,,170.0
2020-12-15,822.0,,214.0
2020-12-16,141.0,,848.0
2020-12-17,4.0,,153.0
2020-12-18,119.0,,5.0
2020-12-19,154.0,,18.0
2020-12-20,36.0,,1.0
2020-12-21,249.0,,0.0
2020-12-22,,,31.0
2020-12-23,2384.0,,543.0
2020-12-24,,,727.0
2020-12-25,,,46.0
2020-12-26,,,0.0
2020-12-27,280.0,,0.0
2020-12-28,17.0,,0.0
2020-12-29,2369.0,,1758.0
2020-12-30,796.0,,473.0
2020-12-31,,,
2021-01-01,1568.0,,197.0
2021-01-02,142.0,,75.0
2021-01-03,828.0,,584.0
2021-01-04,126.0,,1085.0
2021-01-05,813.0,,322.0
2021-01-06,24.0,,7.0
2021-01-07,0.0,,0.0
2021-01-08,,,75.0
2021-01-09,,,4.0
2021-01-10,,,247.0
2021-01-11,,,9.0
2021-01-12,,,40.0
2021-01-13,,,2.0
2021-01-14,,,482.0
2021-01-15,,,
2021-01-16,,,537.0
2021-01-17,,,1167.0
2021-01-18,,,319.0
2021-01-19,,,153.0
2021-01-20,,,
2021-01-21,,,
2021-01-22,,,99.0
2021-01-23,,,158.0
2021-01-24,,,6.0
2021-01-25,,,259.0
2021-01-26,,,12.0
2021-01-27,,,0.0
2021-01-28,,,0.0
2021-01-29,,,126.0
2021-01-30,,,
2021-01-31,,,66.0
2021-02-01,,,
2021-02-02,,,0.0
2021-02-03,,,
2021-02-04,,,47.0
2021-02-05,,,12.0
2021-02-06,0.0,,1.0
2021-02-07,,,0.0
2021-02-08,,,53.0
2021-02-09,,,4.0
2021-02-10,,,0.0
2021-02-11,,,0.0
2021-02-12,,,
2021-02-13,,,
2021-02-14,,,
2021-02-15,,,
2021-02-16,1.0,,
2021-02-17,,,
2021-02-18,,,
2021-02-19,,,
2021-02-20,,,
2021-02-21,,,
2021-02-22,,,
2021-02-23,,,
2021-02-24,,,
2021-02-25,,,
2021-02-26,,,
2021-02-27,,,
2021-02-28,,,
2021-03-01,,,
2021-03-02,,,
2021-03-03,,,
2021-03-04,,,
2021-03-05,,,0.0
2021-03-06,,,
2021-03-07,,,
2021-03-08,,,94.0
2021-03-09,,,
2021-03-10,,,
2021-03-11,,,
2021-03-12,,,
2021-03-13,,,
2021-03-14,,,
2021-03-15,,,
2021-03-16,,,
2021-03-17,,,
2021-03-18,,,
2021-03-19,,,
2021-03-20,,,
2021-03-21,,,
2021-03-22,,,
2021-03-23,,,
2021-03-24,,,
2021-03-25,,,
2021-03-26,,,
2021-03-27,,,
2021-03-28,,,
2021-03-29,,,
2021-03-30,,,
2021-03-31,,,
2021-04-01,,,
2021-04-02,,,
2021-04-03,0.0,,238.0
2021-04-04,47.0,,90.0
2021-04-05,,,
2021-04-06,,,
2021-04-07,,,
2021-04-08,,,
2021-04-09,,,
2021-04-10,,,
2021-04-11,,,
2021-04-12,,,
2021-04-13,,,
2021-04-14,,,0.0
2021-04-15,,,
2021-04-16,,,
2021-04-17,,,
2021-04-18,,,
2021-04-19,,,
2021-04-20,,,
2021-04-21,,,
2021-04-22,,,
2021-04-23,,,0.0
2021-04-24,,,
2021-04-25,,,
2021-04-26,,,
2021-04-27,,,608.0
2021-04-28,,,
2021-04-29,,,
2021-04-30,,,
2021-05-01,,,
2021-05-02,,,
2021-05-03,,,
2021-05-04,,,
2021-05-05,,,
2021-05-06,,,
2021-05-07,,,
2021-05-08,,,
2021-05-09,,,
2021-05-10,,,
2021-05-11,,,
2021-05-12,,,
2021-05-13,,,
2021-05-14,,,
2021-05-15,,,
2021-05-16,,,
2021-05-17,,,
2021-05-18,,,
2021-05-19,,,
2021-05-20,,,47.0
2021-05-21,,,413.0
2021-05-22,,,
2021-05-23,,,
2021-05-24,,,25.0
2021-05-25,,,
2021-05-26,0.0,,0.0
2021-05-27,,,
2021-05-28,,,
2021-05-29,,,
2021-05-30,49.0,,62.0
2021-05-31,2.0,,1.0
2021-06-01,159.0,,0.0
2021-06-02,,,14.0
2021-06-03,0.0,,0.0
2021-06-04,,,0.0
2021-06-05,,,170.0
2021-06-06,266.0,,40.0
2021-06-07,,,
2021-06-08,,,
2021-06-09,,,
2021-06-10,,,
2021-06-11,,,
2021-06-12,,,
2021-06-13,,,6.0
2021-06-14,,,79.0
2021-06-15,,,
2021-06-16,,,
2021-06-17,,,0.0
2021-06-18,,,
2021-06-19,,,
2021-06-20,,,0.0
2021-06-21,,,
2021-06-22,,,
2021-06-23,,,
2021-06-24,0.0,,0.0
2021-06-25,,,23.0
2021-06-26,,,135.0
2021-06-27,,,
2021-06-28,,,567.0
2021-06-29,,,0.0
2021-06-30,,,17.0
2021-07-01,,,
2021-07-02,,,
2021-07-03,,,
2021-07-04,,,
2021-07-05,,,
2021-07-06,538.0,,154.0
2021-07-07,368.0,,68.0
2021-07-08,1212.0,,226.0
2021-07-09,,,
2021-07-10,,,
2021-07-11,,,87.0
2021-07-12,,,
2021-07-13,,,361.0
2021-07-14,,,114.0
2021-07-15,,,
2021-07-16,,,29.0
2021-07-17,,,
2021-07-18,,,
2021-07-19,,,
2021-07-20,,,
2021-07-21,,,
2021-07-22,,,
2021-07-23,,,
2021-07-24,,,
2021-07-25,,,
2021-07-26,,,
2021-07-27,,,
2021-07-28,,,
2021-07-29,,,
2021-07-30,,,
2021-07-31,,,
2021-08-01,,,0.0
2021-08-02,,,104.0
2021-08-03,,,
2021-08-04,,,
2021-08-05,0.0,,0.0
2021-08-06,0.0,,0.0
2021-08-07,0.0,,14.0
2021-08-08,679.0,,1394.0
2021-08-09,0.0,,365.0
2021-08-10,7533.0,,186.0
2021-08-11,235.0,,135.0
2021-08-12,358.0,,6.0
2021-08-13,266.0,,53.0
2021-08-14,59.0,,2.0
2021-08-15,502.0,,662.0
2021-08-16,162.0,,25.0
2021-08-17,485.0,,479.0
2021-08-18,,,
2021-08-19,394.0,,122.0
2021-08-20,1645.0,,12.0
2021-08-21,310.0,,589.0
2021-08-22,1975.0,,617.0
2021-08-23,,,
2021-08-24,,,
2021-08-25,,,
2021-08-26,,,
2021-08-27,,,
2021-08-28,,,
2021-08-29,,,
2021-08-30,,,
2021-08-31,68.0,,268.0
2021-09-01,,,
2021-09-02,,,186.0
2021-09-03,,,276.0
2021-09-04,,,129.0
2021-09-05,,,252.0
2021-09-06,,,549.0
2021-09-07,,,51.0
2021-09-08,,,137.0
2021-09-09,,,101.0
2021-09-10,,,2.0
2021-09-11,,,30.0
2021-09-12,,,97.0
2021-09-13,,,
2021-09-14,,,
2021-09-15,,,
2021-09-16,,,0.0
2021-09-17,,,0.0
2021-09-18,,,
2021-09-19,,,
2021-09-20,,,
2021-09-21,,,
2021-09-22,,,2.0
2021-09-23,,,270.0
2021-09-24,,,38.0
2021-09-25,,,60.0
2021-09-26,,,2.0
2021-09-27,,,26.0
2021-09-28,,,2.0
2021-09-29,,,97.0
2021-09-30,,,596.0
2021-10-01,,,180.0
2021-10-02,,,374.0
2021-10-03,,,177.0
2021-10-04,,,
2021-10-05,,,
2021-10-06,,,0.0
2021-10-07,,,
2021-10-08,,,
2021-10-09,,,163.0
2021-10-10,,,
2021-10-11,,,
2021-10-12,,,
2021-10-13,,,
2021-10-14,,,
2021-10-15,,,
2021-10-16,,,
2021-10-17,,,
2021-10-18,,,
2021-10-19,,,
2021-10-20,,,
2021-10-21,,,
2021-10-22,,,
2021-10-23,,,
2021-10-24,,,
2021-10-25,,,
2021-10-26,,,
2021-10-27,,,
2021-10-28,,,
2021-10-29,,,
2021-10-30,,,
2021-10-31,,,
2021-11-01,,,
2021-11-02,,,
2021-11-03,,,
2021-11-04,,,
2021-11-05,,,
2021-11-06,,,
2021-11-07,,,
2021-11-08,,,
2021-11-09,,,
2021-11-10,,,
2021-11-11,,,
2021-11-12,,,
2021-11-13,,,
2021-11-14,,,
2021-11-15,,,
2021-11-16,,,
2021-11-17,,,
2021-11-18,,,
2021-11-19,,,
2021-11-20,,,
2021-11-21,,,
2021-11-22,,,
2021-11-23,,,
2021-11-24,,,
2021-11-25,,,
2021-11-26,,,
2021-11-27,,,
2021-11-28,,,
2021-11-29,,,3.0
2021-11-30,,,
2021-12-01,,,
2021-12-02,,,
2021-12-03,,,
2021-12-04,,,
2021-12-05,,,
2021-12-06,,,
2021-12-07,,,
2021-12-08,,,
2021-12-09,,,
2021-12-10,,,
2021-12-11,,,261.0
2021-12-12,,,7.0
2021-12-13,,,122.0
2021-12-14,,,84.0
2021-12-15,,,5.0
2021-12-16,,,
2021-12-17,,,
2021-12-18,,,
2021-12-19,,,
2021-12-20,,,
2021-12-21,,,
2021-12-22,,,
2021-12-23,,,29.0
2021-12-24,,,
2021-12-25,,,
2021-12-26,,,0.0
2021-12-27,,,41.0
2021-12-28,,,142.0
2021-12-29,276.0,,28.0
2021-12-30,,,1200.0
2021-12-31,,,
2022-01-01,,,457.0
2022-01-02,,,689.0
2022-01-03,,,788.0
2022-01-04,,,
2022-01-05,,,
2022-01-06,,,
2022-01-07,,,
2022-01-08,4289.0,,
2022-01-09,,,
2022-01-10,,,
2022-01-11,,,
2022-01-12,,,
2022-01-13,,,
2022-01-14,,,
2022-01-15,,,
2022-01-16,,,
2022-01-17,,,
2022-01-18,,,
2022-01-19,,,
2022-01-20,,,
2022-01-21,,,
2022-01-22,,,
2022-01-23,,,
2022-01-24,,,
2022-01-25,,,
2022-01-26,,,
2022-01-27,,,
2022-01-28,,,
2022-01-29,,,
2022-01-30,,,
2022-01-31,,,
2022-02-01,,,
2022-02-02,,,
2022-02-03,,,
2022-02-04,,,
2022-02-05,,,
2022-02-06,,,
2022-02-07,,,
2022-02-08,,,
2022-02-09,,,
2022-02-10,,,
2022-02-11,,,
2022-02-12,,,
2022-02-13,,,
2022-02-14,,,
2022-02-15,,,
2022-02-16,,,
2022-02-17,,,
2022-02-18,,,
2022-02-19,,,
2022-02-20,,,
2022-02-21,,,
2022-02-22,,,
2022-02-23,,,
2022-02-24,,,
2022-02-25,,,
2022-02-26,,,
2022-02-27,,,
2022-02-28,,,
2022-03-01,,,
2022-03-02,,,
2022-03-03,,,
2022-03-04,,,
2022-03-05,,,
2022-03-06,,,
2022-03-07,0.0,,
2022-03-08,,,
2022-03-09,,,
2022-03-10,,,
2022-03-11,,,
2022-03-12,,,
2022-03-13,,,
2022-03-14,,,
2022-03-15,,,
2022-03-16,,,
2022-03-17,,,
2022-03-18,,,
2022-03-19,,,
2022-03-20,,,
2022-03-21,,,
2022-03-22,,,
2022-03-23,,,
2022-03-24,,,
2022-03-25,,,
2022-03-26,,,
2022-03-27,,,
2022-03-28,,,
2022-03-29,,,
2022-03-30,,,
2022-03-31,,,
2022-04-01,,,
2022-04-02,,,
2022-04-03,,,
2022-04-04,,,
2022-04-05,,,
2022-04-06,,,
2022-04-07,,,
2022-04-08,,,
2022-04-09,,,
2022-04-10,,,
2022-04-11,,,
2022-04-12,,,
2022-04-13,,,
2022-04-14,,,
2022-04-15,,,
2022-04-16,,,
2022-04-17,,,
2022-04-18,,,
2022-04-19,,,
2022-04-20,,,
2022-04-21,,,
2022-04-22,,,
2022-04-23,,,
2022-04-24,,,
2022-04-25,,,
2022-04-26,,,
2022-04-27,,,
2022-04-28,,,
2022-04-29,,,
2022-04-30,,,
2022-05-01,,,
2022-05-02,,,
2022-05-03,,,
2022-05-04,,,
2022-05-05,,,
2022-05-06,,,
2022-05-07,,,
2022-05-08,,,
2022-05-09,,,
2022-05-10,,,
2022-05-11,,,
2022-05-12,,,
2022-05-13,,,
2022-05-14,,,
2022-05-15,,,
2022-05-16,,,
2022-05-17,,,
2022-05-18,,,
2022-05-19,,,
2022-05-20,,,
2022-05-21,,,
2022-05-22,,,
2022-05-23,,,
2022-05-24,,,
2022-05-25,,,
2022-05-26,,,
2022-05-27,,,
2022-05-28,,,
2022-05-29,,,
2022-05-30,,,
2022-05-31,,,
2022-06-01,,,
2022-06-02,,,
2022-06-03,,,
2022-06-04,,,
2022-06-05,,,
2022-06-06,,,
2022-06-07,,,
2022-06-08,,,
2022-06-09,,,
2022-06-10,,,
2022-06-11,,,
2022-06-12,,,
2022-06-13,,,
2022-06-14,,,
2022-06-15,,,
2022-06-16,,,
2022-06-17,,,
2022-06-18,,,
2022-06-19,,,
2022-06-20,,,
2022-06-21,,,
2022-06-22,1.0,,
2022-06-23,,,
2022-06-24,,,
2022-06-25,,,
2022-06-26,,,
2022-06-27,,,
2022-06-28,,,
2022-06-29,,,
2022-06-30,,,0.0
2022-07-01,,,
2022-07-02,,,
2022-07-03,,,
2022-07-04,,,
2022-07-05,,,
2022-07-06,,,
2022-07-07,,,
2022-07-08,,,
2022-07-09,,,
2022-07-10,,,
2022-07-11,,,
2022-07-12,,,
2022-07-13,,,
2022-07-14,,,
2022-07-15,,,
2022-07-16,,,18.0
2022-07-17,,,
2022-07-18,,,4.0
2022-07-19,,,0.0
2022-07-20,,,
2022-07-21,,,374.0
2022-07-22,,,
2022-07-23,,,
2022-07-24,,,7.0
2022-07-25,,,622.0
2022-07-26,,,225.0
2022-07-27,,,
2022-07-28,,,
2022-07-29,,,
2022-07-30,,,
2022-07-31,,,
2022-08-01,,,
2022-08-02,,,356.0
2022-08-03,,,271.0
2022-08-04,,,111.0
2022-08-05,,,19.0
2022-08-06,,,1.0
2022-08-07,,,0.0
2022-08-08,,,75.0
2022-08-09,,,
2022-08-10,,,
2022-08-11,,,
2022-08-12,,,
2022-08-13,,,
2022-08-14,,,0.0
2022-08-15,,,6.0
2022-08-16,,,79.0
2022-08-17,,,146.0
2022-08-18,,,
2022-08-19,,,28.0
2022-08-20,,,32.0
2022-08-21,,,266.0
2022-08-22,,,
2022-08-23,,,
2022-08-24,,,
2022-08-25,,,
2022-08-26,,,
2022-08-27,,,
2022-08-28,,,
2022-08-29,,,
2022-08-30,,,
2022-08-31,,,
2022-09-01,,,
2022-09-02,,,
2022-09-03,,,
2022-09-04,,,
2022-09-05,,,
2022-09-06,,,
2022-09-07,,,
2022-09-08,,,
2022-09-09,,,
2022-09-10,,,
2022-09-11,,,
2022-09-12,,,
2022-09-13,,,
2022-09-14,,,
2022-09-15,,,
2022-09-16,,,
2022-09-17,,,
2022-09-18,,,
2022-09-19,,,
2022-09-20,,,
2022-09-21,,,
2022-09-22,,,
2022-09-23,,,
2022-09-24,,,
2022-09-25,,,
2022-09-26,,,
2022-09-27,,,
2022-09-28,,,
2022-09-29,,,
2022-09-30,,,
2022-10-01,,,
2022-10-02,,,
2022-10-03,,,
2022-10-04,,,
2022-10-05,,,
2022-10-06,,,
2022-10-07,,,
2022-10-08,,,
2022-10-09,,,
2022-10-10,,,
2022-10-11,,,
2022-10-12,,,
2022-10-13,,,
2022-10-14,,,
2022-10-15,,,
2022-10-16,,,
2022-10-17,,,
2022-10-18,,,
2022-10-19,,75.0,126.0
2022-10-20,,,
2022-10-21,,1150.0,0.0
2022-10-22,,,
2022-10-23,,,
2022-10-24,,,
2022-10-25,,,
2022-10-26,,0.0,
2022-10-27,,0.0,78.0
2022-10-28,,,
2022-10-29,,,
2022-10-30,,,
2022-10-31,,817.0,1461.0
2022-11-01,,,
2022-11-02,,,
2022-11-03,,,
2022-11-04,,,
2022-11-05,,,
2022-11-06,,,
2022-11-07,,,
2022-11-08,,,
2022-11-09,,,
2022-11-10,,,
2022-11-11,,,
2022-11-12,,,119.0
2022-11-13,,,56.0
2022-11-14,,,
2022-11-15,,80.0,120.0
2022-11-16,,4.0,4.0
2022-11-17,,0.0,123.0
2022-11-18,,,0.0
2022-11-19,,,
2022-11-20,,2.0,44.0
2022-11-21,,254.0,374.0
2022-11-22,,,
2022-11-23,,,
2022-11-24,,145.0,117.0
2022-11-25,,12.0,104.0
2022-11-26,,426.0,15.0
2022-11-27,,,176.0
2022-11-28,,,56.0
2022-11-29,,,
2022-11-30,,,143.0
2022-12-01,,,
2022-12-02,,,222.0
2022-12-03,,,
2022-12-04,,,
2022-12-05,,,
2022-12-06,,,16.0
2022-12-07,,,
2022-12-08,,,
2022-12-09,,,
2022-12-10,,,
2022-12-11,,,91.0
2022-12-12,,,86.0
2022-12-13,,,
2022-12-14,,,
2022-12-15,,,
2022-12-16,,,
2022-12-17,,,
2022-12-18,,,
2022-12-19,,,
2022-12-20,,,
2022-12-21,,,
2022-12-22,,,
2022-12-23,,,
2022-12-24,,,
2022-12-25,,,
2022-12-26,,,
2022-12-27,,,
2022-12-28,,,
2022-12-29,,,
2022-12-30,,,
2022-12-31,,,
2023-01-01,,,
2023-01-02,,,
2023-01-03,,,
2023-01-04,,,
2023-01-05,,,
2023-01-06,,,
2023-01-07,355.0,44.0,1221.0
2023-01-08,,,
2023-01-09,,,70.0
2023-01-10,,,
2023-01-11,,,0.0
2023-01-12,,,0.0
2023-01-13,,,
2023-01-14,,,
2023-01-15,,,
2023-01-16,,,
2023-01-17,,,
2023-01-18,,,
2023-01-19,,,
2023-01-20,,,
2023-01-21,,,
2023-01-22,,,
2023-01-23,,,
2023-01-24,,,
2023-01-25,,,
2023-01-26,,,
2023-01-27,,,
2023-01-28,,,
2023-01-29,,,
2023-01-30,,,
2023-01-31,,,
2023-02-01,,,
2023-02-02,,,
2023-02-03,,,
2023-02-04,,,
2023-02-05,,0.0,
2023-02-06,,,
2023-02-07,,,
2023-02-08,,,
2023-02-09,,,
2023-02-10,,,
2023-02-11,,0.0,14.0
2023-02-12,0.0,0.0,0.0
2023-02-13,,0.0,51.0
2023-02-14,,0.0,0.0
2023-02-15,,,
2023-02-16,,,
2023-02-17,,,
2023-02-18,,0.0,35.0
2023-02-19,,0.0,2.0
2023-02-20,,,
2023-02-21,,0.0,0.0
2023-02-22,,0.0,0.0
2023-02-23,,61.0,0.0
2023-02-24,,338.0,48.0
2023-02-25,,52.0,31.0
2023-02-26,,825.0,50.0
2023-02-27,,786.0,185.0
2023-02-28,210.0,778.0,1293.0
2023-03-01,5.0,110.0,22.0
2023-03-02,0.0,57.0,0.0
2023-03-03,25.0,845.0,721.0
2023-03-04,617.0,42.0,696.0
2023-03-05,,107.0,214.0
2023-03-06,83.0,2.0,128.0
2023-03-07,,,748.0
2023-03-08,,131.0,14.0
2023-03-09,92.0,14.0,79.0
2023-03-10,,,1.0
2023-03-11,,0.0,0.0
2023-03-12,,0.0,0.0
2023-03-13,,,
2023-03-14,,,
2023-03-15,,,
2023-03-16,,,
2023-03-17,,,
2023-03-18,,,266.0
2023-03-19,,,
2023-03-20,,,
2023-03-21,,,
2023-03-22,,,
2023-03-23,,,
2023-03-24,,,
2023-03-25,435.0,,0.0
2023-03-26,,,
2023-03-27,,,
2023-03-28,,,
2023-03-29,,,
2023-03-30,,,
2023-03-31,,,
2023-04-01,3.0,1.0,
2023-04-02,,,
2023-04-03,,,
2023-04-04,,,
2023-04-05,,,
2023-04-06,,,
2023-04-07,,,
2023-04-08,,,
2023-04-09,,,0.0
2023-04-10,,,0.0
2023-04-11,,,124.0
2023-04-12,,,4.0
2023-04-13,,,0.0
2023-04-14,,,0.0
2023-04-15,,,0.0
2023-04-16,,,755.0
2023-04-17,,,33.0
2023-04-18,,,6.0
2023-04-19,,,41.0
2023-04-20,,,
2023-04-21,1.0,29.0,
2023-04-22,,,
2023-04-23,,,
2023-04-24,0.0,0.0,
2023-04-25,,,
2023-04-26,,,
2023-04-27,,,
2023-04-28,,,
2023-04-29,,,
2023-04-30,,,
2023-05-01,,,
2023-05-02,,,
2023-05-03,,,
2023-05-04,,,
2023-05-05,,1.0,
2023-05-06,,,
2023-05-07,,,
2023-05-08,,,
2023-05-09,,1.0,
2023-05-10,,,
2023-05-11,0.0,23.0,
2023-05-12,,,
2023-05-13,,725.0,
2023-05-14,65.0,,
2023-05-15,0.0,0.0,
2023-05-16,,,
2023-05-17,,,
2023-05-18,,0.0,
2023-05-19,,,
2023-05-20,144.0,,
2023-05-21,9.0,87.0,
2023-05-22,,,
2023-05-23,,,
2023-05-24,,,
2023-05-25,,,
2023-05-26,,0.0,
2023-05-27,0.0,0.0,
2023-05-28,,0.0,
2023-05-29,,0.0,
2023-05-30,,0.0,
2023-05-31,,,
2023-06-01,0.0,0.0,
2023-06-02,,0.0,
2023-06-03,,,
2023-06-04,,,
2023-06-05,,,
2023-06-06,,0.0,
2023-06-07,,,
2023-06-08,0.0,,
2023-06-09,,,
2023-06-10,,0.0,
2023-06-11,,,
2023-06-12,,,
2023-06-13,,,
2023-06-14,,,
2023-06-15,,,
2023-06-16,,,
2023-06-17,431.0,374.0,
2023-06-18,91.0,169.0,
2023-06-19,,,
2023-06-20,188.0,135.0,
2023-06-21,2976.0,0.0,
2023-06-22,39.0,0.0,
2023-06-23,0.0,0.0,
2023-06-24,0.0,0.0,96.0
2023-06-25,299.0,0.0,29.0
2023-06-26,0.0,0.0,1.0
2023-06-27,0.0,0.0,7.0
2023-06-28,0.0,0.0,0.0
2023-06-29,,,
2023-06-30,,2.0,
2023-07-01,,,
2023-07-02,,,
2023-07-03,,,
2023-07-04,,,
2023-07-05,,0.0,23.0
2023-07-06,,,
2023-07-07,,,
2023-07-08,,,
2023-07-09,,,
2023-07-10,,,
2023-07-11,,,
2023-07-12,,,
2023-07-13,,,
2023-07-14,,,
2023-07-15,,33.0,
2023-07-16,,,
2023-07-17,,,
2023-07-18,,,
2023-07-19,,,
2023-07-20,,,
2023-07-21,,,
2023-07-22,,,
2023-07-23,0.0,0.0,
2023-07-24,,,
2023-07-25,,,
2023-07-26,0.0,0.0,
2023-07-27,,0.0,
2023-07-28,,,
2023-07-29,,,
2023-07-30,0.0,,
2023-07-31,84.0,0.0,
2023-08-01,,,
2023-08-02,,,
2023-08-03,,,
2023-08-04,,,
2023-08-05,,,
2023-08-06,,,
2023-08-07,,,
2023-08-08,,,
2023-08-09,,,
2023-08-10,,,
2023-08-11,,,
2023-08-12,,,
2023-08-13,,,
2023-08-14,,,
2023-08-15,,,
2023-08-16,,,
2023-08-17,,,
2023-08-18,,,
2023-08-19,20.0,10.0,-959904.0
2023-08-20,130.0,133.0,-959904.0
2023-08-21,621.0,-239799.0,-959904.0
2023-08-22,34.0,-9991.0,-959904.0
2023-08-23,250.0,188.0,-959904.0
2023-08-24,,-399925.0,-959904.0
2023-08-25,,,
2023-08-26,12.0,,
2023-08-27,1652.0,195.0,
2023-08-28,,,
2023-08-29,,,
2023-08-30,,,
2023-08-31,,,
2023-09-01,,,
2023-09-02,31.0,0.0,
2023-09-03,0.0,0.0,
2023-09-04,46.0,,
2023-09-05,,,
2023-09-06,,,
2023-09-07,,,
2023-09-08,,,
2023-09-09,,,
2023-09-10,,,
2023-09-11,,,
2023-09-12,,,
2023-09-13,,,
2023-09-14,,,
2023-09-15,,,
2023-09-16,,,
2023-09-17,,,
2023-09-18,,,
2023-09-19,,,
2023-09-20,,,
2023-09-21,,,
2023-09-22,,,
2023-09-23,,,
2023-09-24,,,
2023-09-25,,,
2023-09-26,,,
2023-09-27,,,
2023-09-28,,,
2023-09-29,,,
2023-09-30,,,
2023-10-01,,,
2023-10-02,,,
2023-10-03,,,
2023-10-04,,,
2023-10-05,,,
2023-10-06,,,
2023-10-07,,,
2023-10-08,,,
2023-10-09,,,
2023-10-10,,,
2023-10-11,,,
2023-10-12,,,
2023-10-13,,,
2023-10-14,,,
2023-10-15,,,12.0
2023-10-16,,,86.0
2023-10-17,,,90.0
2023-10-18,,13.0,412.0
2023-10-19,,,21.0
2023-10-20,,,977.0
2023-10-21,,,50.0
2023-10-22,,,46.0
2023-10-23,,,0.0
2023-10-24,,,493.0
2023-10-25,,,14.0
2023-10-26,,,
2023-10-27,,,83.0
2023-10-28,,,171.0
2023-10-29,,,7.0
2023-10-30,,,24.0
2023-10-31,,,1.0
2023-11-01,633.0,,0.0
2023-11-02,29.0,,0.0
2023-11-03,,,132.0
2023-11-04,,,
2023-11-05,,,0.0
2023-11-06,,,0.0
2023-11-07,1311.0,,66.0
2023-11-08,778.0,,29.0
2023-11-09,,,1.0
2023-11-10,183.0,,3.0
2023-11-11,,,1816.0
2023-11-12,40.0,,44.0
2023-11-13,,0.0,833.0
2023-11-14,3.0,0.0,30.0
2023-11-15,262.0,,0.0
2023-11-16,1997.0,,0.0
2023-11-17,304.0,,
2023-11-18,,,
2023-11-19,,,
2023-11-20,,,
2023-11-21,,,
2023-11-22,1.0,65.0,195.0
2023-11-23,180.0,488.0,426.0
2023-11-24,,,
2023-11-25,48.0,18.0,44.0
2023-11-26,37.0,257.0,71.0
2023-11-27,252.0,7.0,49.0
2023-11-28,602.0,0.0,508.0
2023-11-29,24.0,0.0,0.0
2023-11-30,0.0,0.0,0.0
2023-12-01,729.0,0.0,120.0
2023-12-02,378.0,126.0,49.0
2023-12-03,0.0,40.0,0.0
2023-12-04,108.0,202.0,
2023-12-05,679.0,187.0,342.0
2023-12-06,319.0,59.0,237.0
2023-12-07,84.0,102.0,237.0
2023-12-08,36.0,4.0,55.0
2023-12-09,1.0,0.0,0.0
2023-12-10,731.0,26.0,147.0
2023-12-11,52.0,1.0,413.0
2023-12-12,,0.0,0.0
2023-12-13,0.0,0.0,0.0
2023-12-14,,0.0,0.0
2023-12-15,0.0,0.0,36.0
2023-12-16,79.0,271.0,0.0
2023-12-17,43.0,4.0,
2023-12-18,1.0,0.0,
2023-12-19,259.0,588.0,
2023-12-20,249.0,9.0,
2023-12-21,466.0,8.0,
2023-12-22,58.0,145.0,
2023-12-23,27.0,34.0,
2023-12-24,1.0,1.0,
2023-12-25,0.0,0.0,
2023-12-26,0.0,0.0,
2023-12-27,0.0,0.0,
2023-12-28,0.0,0.0,
2023-12-29,1121.0,0.0,
2023-12-30,220.0,0.0,
2023-12-31,43.0,0.0,
2024-01-01,1.0,0.0,
2024-01-02,24.0,0.0,
2024-01-03,53.0,20.0,
2024-01-04,1.0,1.0,
2024-01-05,0.0,0.0,206.0
2024-01-06,306.0,0.0,12.0
2024-01-07,1181.0,222.0,26.0
2024-01-08,0.0,0.0,1.0
2024-01-09,46.0,0.0,62.0
2024-01-10,,,
2024-01-11,,,
2024-01-12,391.0,186.0,0.0
2024-01-13,973.0,0.0,94.0
2024-01-14,2283.0,104.0,652.0
2024-01-15,1365.0,164.0,150.0
2024-01-16,928.0,50.0,153.0
2024-01-17,151.0,1.0,3.0
2024-01-18,,269.0,50.0
2024-01-19,0.0,127.0,44.0
2024-01-20,748.0,2875.0,1764.0
2024-01-21,0.0,49.0,0.0
2024-01-22,0.0,0.0,0.0
2024-01-23,0.0,0.0,0.0
2024-01-24,927.0,0.0,16.0
2024-01-25,11.0,0.0,1.0
2024-01-26,76.0,0.0,0.0
2024-01-27,5.0,0.0,0.0
2024-01-28,0.0,0.0,0.0
2024-01-29,0.0,0.0,0.0
2024-01-30,,,47.0
2024-01-31,0.0,2.0,
2024-02-01,0.0,21.0,
2024-02-02,2757.0,275.0,
2024-02-03,305.0,302.0,
2024-02-04,1368.0,44.0,
2024-02-05,311.0,1.0,
2024-02-06,391.0,214.0,
2024-02-07,10.0,18.0,
2024-02-08,0.0,75.0,
2024-02-09,0.0,966.0,
2024-02-10,36.0,1643.0,
2024-02-11,107.0,18.0,
2024-02-12,36.0,0.0,
2024-02-13,0.0,52.0,
2024-02-14,0.0,0.0,
2024-02-15,,,
2024-02-16,,,
2024-02-17,,,
2024-02-18,,,
2024-02-19,0.0,4.0,0.0
2024-02-20,0.0,0.0,0.0
2024-02-21,0.0,0.0,0.0
2024-02-22,0.0,0.0,0.0
2024-02-23,0.0,0.0,75.0
2024-02-24,0.0,0.0,3.0
2024-02-25,0.0,0.0,0.0
2024-02-26,0.0,0.0,0.0
2024-02-27,0.0,0.0,0.0
2024-02-28,0.0,0.0,0.0
2024-02-29,0.0,0.0,0.0
2024-03-01,0.0,0.0,0.0
2024-03-02,51.0,21.0,0.0
2024-03-03,3.0,1.0,0.0
2024-03-04,0.0,0.0,62.0
2024-03-05,2151.0,0.0,2.0
2024-03-06,697.0,42.0,879.0
2024-03-07,17.0,274.0,23.0
2024-03-08,0.0,3.0,0.0
2024-03-09,0.0,0.0,0.0
2024-03-10,0.0,0.0,0.0
2024-03-11,0.0,0.0,0.0
2024-03-12,0.0,0.0,0.0
2024-03-13,0.0,0.0,0.0
2024-03-14,0.0,0.0,0.0
2024-03-15,0.0,0.0,0.0
2024-03-16,0.0,63.0,0.0
2024-03-17,0.0,1.0,572.0
2024-03-18,0.0,0.0,21.0
2024-03-19,0.0,0.0,0.0
2024-03-20,0.0,1067.0,0.0
2024-03-21,0.0,16.0,0.0
2024-03-22,0.0,0.0,0.0
2024-03-23,0.0,0.0,802.0
2024-03-24,0.0,0.0,22.0
2024-03-25,0.0,0.0,0.0
2024-03-26,0.0,0.0,0.0
2024-03-27,111.0,0.0,0.0
2024-03-28,50.0,35.0,0.0
2024-03-29,7.0,3.0,0.0
2024-03-30,0.0,154.0,0.0
2024-03-31,101.0,0.0,0.0
2024-04-01,298.0,0.0,56.0
2024-04-02,314.0,0.0,82.0
2024-04-03,40.0,189.0,1.0
2024-04-04,,,
2024-04-05,,,
2024-04-06,801.0,260.0,742.0
2024-04-07,927.0,336.0,544.0
2024-04-08,30.0,14.0,18.0
2024-04-09,0.0,0.0,0.0
2024-04-10,0.0,0.0,0.0
2024-04-11,0.0,0.0,0.0
2024-04-12,0.0,0.0,0.0
2024-04-13,0.0,0.0,0.0
2024-04-14,0.0,0.0,0.0
2024-04-15,84.0,0.0,107.0
2024-04-16,3.0,0.0,59.0
2024-04-17,1252.0,0.0,1.0
2024-04-18,125.0,2969.0,141.0
2024-04-19,29.0,572.0,285.0
2024-04-20,783.0,278.0,6.0
2024-04-21,1528.0,268.0,621.0
2024-04-22,303.0,163.0,1021.0
2024-04-23,312.0,5.0,35.0
2024-04-24,196.0,0.0,0.0
2024-04-25,9.0,43.0,0.0
2024-04-26,112.0,8.0,0.0
2024-04-27,4.0,0.0,0.0
2024-04-28,0.0,0.0,0.0
2024-04-29,1.0,0.0,0.0
2024-04-30,1.0,88.0,0.0
2024-05-01,-199574.0,1.0,-179982.0
2024-05-02,-119286.0,-137515.0,-119275.0
2024-05-03,350.0,705.0,1192.0
2024-05-04,,,
2024-05-05,4.0,566.0,3.0
2024-05-06,188.0,7.0,61.0
2024-05-07,1090.0,950.0,2.0
2024-05-08,1530.0,44.0,263.0
2024-05-09,74.0,929.0,107.0
2024-05-10,68.0,42.0,4.0
2024-05-11,61.0,34.0,27.0
2024-05-12,214.0,646.0,380.0
2024-05-13,-369955.0,-369954.0,-309926.0
2024-05-14,-149266.0,-139839.0,-139901.0
2024-05-15,338.0,72.0,17.0
2024-05-16,10.0,67.0,96.0
2024-05-17,1103.0,1.0,415.0
2024-05-18,26.0,0.0,1146.0
2024-05-19,465.0,4.0,296.0
2024-05-20,31.0,5407.0,529.0
2024-05-21,3100.0,70.0,326.0
2024-05-22,621.0,0.0,195.0
2024-05-23,1975.0,0.0,122.0
2024-05-24,857.0,3442.0,2.0
2024-05-25,2536.0,349.0,0.0
2024-05-26,1668.0,5.0,0.0
2024-05-27,159.0,53.0,152.0
2024-05-28,977.0,501.0,4.0
2024-05-29,167.0,114.0,72.0
2024-05-30,37.0,63.0,633.0
2024-05-31,1.0,321.0,72.0
2024-06-01,72.0,6.0,65.0
2024-06-02,2067.0,336.0,70.0
2024-06-03,56.0,7.0,2.0
2024-06-04,0.0,0.0,0.0
2024-06-05,0.0,0.0,0.0
2024-06-06,0.0,0.0,0.0
2024-06-07,1876.0,143.0,0.0
2024-06-08,632.0,137.0,245.0
2024-06-09,84.0,106.0,108.0
2024-06-10,353.0,,1.0
2024-06-11,171.0,,5056.0
2024-06-12,2.0,,56.0
2024-06-13,301.0,,0.0
2024-06-14,7.0,,398.0
2024-06-15,507.0,,13.0
2024-06-16,52.0,,20.0
2024-06-17,125.0,,1076.0
2024-06-18,359.0,,53.0
2024-06-19,8.0,,362.0
2024-06-20,373.0,,5.0
2024-06-21,1313.0,,95.0
2024-06-22,286.0,,129.0
2024-06-23,538.0,,122.0
2024-06-24,,,
2024-06-25,,,
2024-06-26,,,
2024-06-27,,,
2024-06-28,,,
2024-06-29,,,
2024-06-30,,,
2024-07-01,,,
2024-07-02,139.0,,164.0
2024-07-03,2.0,,4.0
2024-07-04,0.0,,1158.0
2024-07-05,484.0,,41.0
2024-07-06,206.0,,752.0
2024-07-07,513.0,,1403.0
2024-07-08,1115.0,,241.0
2024-07-09,44.0,,91.0
2024-07-10,9.0,,218.0
2024-07-11,871.0,,47.0
2024-07-12,920.0,,72.0
2024-07-13,25.0,,97.0
2024-07-14,0.0,,1.0
2024-07-15,6378.0,,419.0
2024-07-16,410.0,,269.0
2024-07-17,14.0,,13.0
2024-07-18,26.0,,0.0
2024-07-19,2.0,,0.0
2024-07-20,2652.0,,524.0
2024-07-21,29.0,,6.0
2024-07-22,0.0,,0.0
2024-07-23,0.0,,0.0
2024-07-24,0.0,,275.0
2024-07-25,0.0,,3.0
2024-07-26,0.0,0.0,0.0
2024-07-27,0.0,0.0,0.0
2024-07-28,0.0,186.0,12.0
2024-07-29,0.0,408.0,266.0
2024-07-30,0.0,185.0,1477.0
2024-07-31,0.0,564.0,504.0
2024-08-01,1072.0,2108.0,404.0
2024-08-02,626.0,113.0,94.0
2024-08-03,21.0,82.0,724.0
2024-08-04,27.0,1.0,50.0
2024-08-05,1.0,0.0,1.0
2024-08-06,321.0,8.0,14.0
2024-08-07,10.0,4.0,3.0
2024-08-08,42.0,1.0,15.0
2024-08-09,613.0,381.0,192.0
2024-08-10,67.0,13.0,176.0
2024-08-11,,3553.0,21.0
2024-08-12,,,
2024-08-13,,257.0,566.0
2024-08-14,-9453.0,17.0,355.0
2024-08-15,,1186.0,131.0
2024-08-16,,,
2024-08-17,,0.0,63.0
2024-08-18,,0.0,52.0
2024-08-19,,0.0,1.0
2024-08-20,,85.0,65.0
2024-08-21,,50.0,38.0
2024-08-22,,1.0,83.0
2024-08-23,,1323.0,473.0
2024-08-24,,43.0,19.0
2024-08-25,,0.0,7.0
2024-08-26,,185.0,440.0
2024-08-27,,2.0,6.0
2024-08-28,,0.0,8.0
2024-08-29,,0.0,76.0
2024-08-30,,0.0,105.0
2024-08-31,,0.0,139.0
2024-09-01,,0.0,7.0
2024-09-02,,0.0,0.0
2024-09-03,,56.0,39.0
2024-09-04,,0.0,1.0
2024-09-05,,0.0,0.0
2024-09-06,,0.0,0.0
2024-09-07,,2.0,491.0
2024-09-08,,694.0,206.0
2024-09-09,,76.0,50.0
2024-09-10,,38.0,24.0
2024-09-11,,82.0,19.0
2024-09-12,313.0,1.0,1.0
2024-09-13,1545.0,268.0,604.0
2024-09-14,30.0,64.0,421.0
2024-09-15,0.0,1.0,165.0
2024-09-16,16.0,0.0,10.0
2024-09-17,262.0,280.0,694.0
2024-09-18,8.0,95.0,134.0
2024-09-19,0.0,1.0,4.0
2024-09-20,0.0,12.0,282.0
2024-09-21,0.0,597.0,101.0
2024-09-22,35.0,836.0,130.0
2024-09-23,1029.0,48.0,157.0
2024-09-24,47.0,118.0,42.0
2024-09-25,3159.0,10.0,553.0
2024-09-26,81.0,1.0,87.0
2024-09-27,1839.0,0.0,541.0
2024-09-28,49.0,0.0,15.0
2024-09-29,524.0,0.0,0.0
2024-09-30,352.0,339.0,25.0
2024-10-01,,,
2024-10-02,,,
2024-10-03,,,
2024-10-04,,,
2024-10-05,,,
2024-10-06,,,
2024-10-07,,,
2024-10-08,,,
2024-10-09,2598.0,2127.0,114.0
2024-10-10,120.0,42.0,1063.0
2024-10-11,1741.0,15.0,461.0
2024-10-12,1455.0,36.0,382.0
2024-10-13,254.0,1.0,92.0
2024-10-14,447.0,1328.0,638.0
2024-10-15,346.0,1562.0,465.0
2024-10-16,4.0,17.0,659.0
2024-10-17,1017.0,53.0,420.0
2024-10-18,140.0,1.0,185.0
2024-10-19,350.0,0.0,2.0
2024-10-20,10.0,0.0,0.0
2024-10-21,721.0,0.0,326.0
2024-10-22,369.0,92.0,134.0
2024-10-23,116.0,426.0,172.0
2024-10-24,,,
2024-10-25,301.0,32.0,142.0
2024-10-26,,,
2024-10-27,2.0,5.0,9.0
2024-10-28,0.0,0.0,0.0
2024-10-29,0.0,112.0,0.0
2024-10-30,,4.0,0.0
2024-10-31,166.0,62.0,0.0
2024-11-01,2.0,2.0,0.0
2024-11-02,0.0,0.0,148.0
2024-11-03,95.0,59.0,366.0
2024-11-04,1827.0,3.0,11.0
2024-11-05,29.0,0.0,236.0
2024-11-06,108.0,2.0,14.0
2024-11-07,354.0,175.0,743.0
2024-11-08,643.0,22.0,42.0
2024-11-09,840.0,96.0,94.0
2024-11-10,26.0,1.0,142.0
2024-11-11,64.0,5.0,36.0
2024-11-12,1131.0,344.0,38.0
2024-11-13,106.0,240.0,1.0
2024-11-14,73.0,8.0,0.0
2024-11-15,170.0,0.0,0.0
2024-11-16,122.0,632.0,1140.0
2024-11-17,3.0,21.0,289.0
2024-11-18,0.0,41.0,15.0
2024-11-19,0.0,49.0,162.0
2024-11-20,0.0,2.0,64.0
2024-11-21,105.0,0.0,160.0
2024-11-22,176.0,0.0,9.0
2024-11-23,5.0,0.0,0.0
2024-11-24,689.0,0.0,0.0
2024-11-25,127.0,349.0,185.0
2024-11-26,5.0,120.0,189.0
2024-11-27,0.0,2.0,31.0
2024-11-28,32.0,0.0,1.0
2024-11-29,440.0,78.0,605.0
2024-11-30,1119.0,7.0,293.0
2024-12-01,26.0,0.0,8.0
2024-12-02,0.0,0.0,0.0
2024-12-03,0.0,31.0,52.0
2024-12-04,0.0,2.0,3.0
2024-12-05,2183.0,88.0,0.0
2024-12-06,47.0,1.0,109.0
2024-12-07,1.0,0.0,4.0
2024-12-08,0.0,41.0,0.0
2024-12-09,1019.0,599.0,52.0
2024-12-10,,,
2024-12-11,,,
2024-12-12,563.0,326.0,297.0
2024-12-13,535.0,637.0,552.0
2024-12-14,85.0,134.0,247.0
2024-12-15,1.0,607.0,4.0
2024-12-16,0.0,7.0,401.0
2024-12-17,157.0,0.0,381.0
2024-12-18,43.0,0.0,60.0
2024-12-19,487.0,892.0,
2024-12-20,329.0,330.0,34.0
2024-12-21,460.0,129.0,186.0
2024-12-22,695.0,278.0,139.0
2024-12-23,23.0,4.0,2.0
2024-12-24,271.0,17.0,0.0
2024-12-25,4.0,98.0,167.0
2024-12-26,0.0,59.0,8.0
2024-12-27,1121.0,37.0,15.0
2024-12-28,575.0,5.0,3.0
2024-12-29,15.0,3.0,2.0
2024-12-30,0.0,3.0,30.0
2024-12-31,2101.0,1.0,1235.0
2025-01-01,126.0,1368.0,32.0
2025-01-02,1979.0,3324.0,1768.0
2025-01-03,106.0,606.0,77.0
2025-01-04,313.0,418.0,611.0
2025-01-05,9.0,12.0,639.0
2025-01-06,0.0,0.0,40.0
2025-01-07,304.0,0.0,96.0
2025-01-08,2737.0,8832.0,4067.0
2025-01-09,637.0,363.0,237.0
2025-01-10,16.0,19.0,421.0
2025-01-11,20.0,119.0,238.0
2025-01-12,2.0,57.0,114.0
2025-01-13,0.0,3.0,140.0
2025-01-14,270.0,560.0,4.0
2025-01-15,538.0,32.0,0.0
2025-01-16,73.0,1.0,155.0
2025-01-17,171.0,191.0,259.0
2025-01-18,5.0,53.0,74.0
2025-01-19,0.0,1.0,1.0
2025-01-20,0.0,0.0,0.0
2025-01-21,425.0,91.0,75.0
2025-01-22,125.0,1400.0,214.0
2025-01-23,480.0,100.0,159.0
2025-01-24,661.0,169.0,686.0
2025-01-25,389.0,140.0,172.0
2025-01-26,205.0,1092.0,4.0
2025-01-27,19.0,69.0,962.0
2025-01-28,29.0,167.0,175.0
2025-01-29,271.0,2019.0,2400.0
2025-01-30,6.0,72.0,32.0
2025-01-31,112.0,1.0,242.0
2025-02-01,233.0,55.0,211.0
2025-02-02,1014.0,925.0,95.0
2025-02-03,1468.0,243.0,1.0
2025-02-04,217.0,322.0,0.0
2025-02-05,39.0,57.0,1.0
2025-02-06,206.0,696.0,795.0
2025-02-07,692.0,28.0,324.0
2025-02-08,908.0,1193.0,957.0
2025-02-09,14.0,14.0,17.0
2025-02-10,0.0,0.0,0.0
2025-02-11,0.0,0.0,0.0
2025-02-12,0.0,0.0,0.0
2025-02-13,0.0,0.0,0.0
2025-02-14,0.0,0.0,0.0
2025-02-15,0.0,0.0,0.0
2025-02-16,42.0,70.0,0.0
2025-02-17,1.0,5.0,1100.0
2025-02-18,31.0,13.0,409.0
2025-02-19,1514.0,367.0,270.0
2025-02-20,494.0,294.0,327.0
2025-02-21,66.0,839.0,860.0
2025-02-22,1746.0,3256.0,435.0
2025-02-23,39.0,46.0,124.0
2025-02-24,,,
2025-02-25,,,
2025-02-26,391.0,792.0,837.0
2025-02-27,11.0,100.0,20.0
2025-02-28,0.0,1.0,0.0
2025-03-01,0.0,0.0,0.0
2025-03-02,0.0,0.0,0.0
2025-03-03,26.0,0.0,39.0
2025-03-04,1034.0,9.0,2.0
2025-03-05,,,
2025-03-06,165.0,1224.0,913.0
2025-03-07,5062.0,915.0,285.0
2025-03-08,1463.0,2091.0,1052.0
2025-03-09,28.0,92.0,44.0
2025-03-10,0.0,0.0,22.0
2025-03-11,0.0,0.0,1.0
2025-03-12,93.0,0.0,0.0
2025-03-13,165.0,0.0,0.0
2025-03-14,6.0,0.0,0.0
2025-03-15,110.0,9.0,0.0
2025-03-16,157.0,59.0,0.0
2025-03-17,,,
2025-03-18,772.0,175.0,64.0
2025-03-19,1092.0,502.0,489.0
2025-03-20,1226.0,262.0,124.0
2025-03-21,42.0,151.0,483.0
2025-03-22,95.0,188.0,260.0
2025-03-23,1.0,50.0,111.0
2025-03-24,44.0,518.0,4.0
2025-03-25,7.0,102.0,53.0
2025-03-26,95.0,768.0,1472.0
2025-03-27,,,
2025-03-28,30.0,1.0,15.0
2025-03-29,1.0,78.0,0.0
2025-03-30,0.0,1.0,37.0
2025-03-31,0.0,16.0,
2025-04-01,0.0,235.0,
2025-04-02,0.0,111.0,46.0
2025-04-03,0.0,83.0,1.0
2025-04-04,667.0,1.0,997.0
2025-04-05,60.0,0.0,31.0
2025-04-06,42.0,78.0,0.0
2025-04-07,1417.0,1.0,388.0
2025-04-08,511.0,204.0,2628.0
2025-04-09,500.0,21.0,540.0
2025-04-10,36.0,1.0,
2025-04-11,10.0,754.0,202.0
2025-04-12,82.0,541.0,9.0
2025-04-13,148.0,1042.0,127.0
2025-04-14,1671.0,43.0,893.0
2025-04-15,2834.0,207.0,949.0
2025-04-16,698.0,180.0,167.0
2025-04-17,74.0,232.0,476.0
2025-04-18,38.0,3.0,15.0
2025-04-19,1.0,0.0,78.0
2025-04-20,0.0,0.0,27.0
2025-04-21,1975.0,16.0,78.0
2025-04-22,86.0,1.0,167.0
2025-04-23,3.0,0.0,109.0
2025-04-24,208.0,64.0,75.0
2025-04-25,5.0,1.0,68.0
2025-04-26,0.0,0.0,115.0
2025-04-27,139.0,0.0,260.0
2025-04-28,1619.0,0.0,914.0
2025-04-29,728.0,526.0,272.0
2025-04-30,977.0,466.0,317.0
2025-05-01,1067.0,1021.0,494.0
2025-05-02,4557.0,2753.0,527.0
2025-05-03,177.0,53.0,351.0
2025-05-04,110.0,0.0,4.0
2025-05-05,3.0,0.0,0.0
2025-05-06,0.0,0.0,0.0
2025-05-07,0.0,0.0,54.0
2025-05-08,0.0,0.0,495.0
2025-05-09,49.0,21.0,560.0
2025-05-10,234.0,6.0,619.0
2025-05-11,1245.0,1370.0,41.0
2025-05-12,194.0,100.0,78.0
2025-05-13,7.0,350.0,5.0
2025-05-14,900.0,72.0,
2025-05-15,682.0,215.0,32.0
2025-05-16,,,
2025-05-17,137.0,587.0,496.0
2025-05-18,192.0,437.0,202.0
2025-05-19,616.0,2007.0,1047.0
2025-05-20,380.0,35.0,190.0
2025-05-21,,,
2025-05-22,0.0,2.0,0.0
2025-05-23,39.0,0.0,179.0
2025-05-24,73.0,38.0,6.0
2025-05-25,61.0,3.0,155.0
2025-05-26,2.0,0.0,
2025-05-27,254.0,379.0,263.0
2025-05-28,91.0,709.0,1945.0
2025-05-29,528.0,188.0,264.0
2025-05-30,367.0,2.0,253.0
2025-05-31,15.0,0.0,4.0
2025-06-01,0.0,0.0,12.0
2025-06-02,0.0,72.0,1.0
2025-06-03,0.0,1.0,0.0
2025-06-04,1087.0,0.0,0.0
2025-06-05,21.0,0.0,0.0
2025-06-06,0.0,0.0,0.0
2025-06-07,61.0,0.0,124.0
2025-06-08,1430.0,44.0,139.0
2025-06-09,29.0,1.0,35.0
2025-06-10,0.0,65.0,1.0
2025-06-11,330.0,123.0,759.0
2025-06-12,0.0,3.0,20.0
2025-06-13,0.0,0.0,165.0
2025-06-14,0.0,0.0,5.0
2025-06-15,2291.0,87.0,230.0
2025-06-16,733.0,229.0,16.0
2025-06-17,506.0,6.0,1.0
2025-06-18,187.0,405.0,2256.0
2025-06-19,0.0,162.0,538.0
2025-06-20,252.0,59.0,291.0
2025-06-21,60.0,2.0,176.0
2025-06-22,58.0,0.0,5.0
2025-06-23,1.0,0.0,0.0
2025-06-24,0.0,0.0,0.0
2025-06-25,0.0,101.0,17.0
2025-06-26,179.0,19.0,63.0
2025-06-27,4.0,1.0,3.0
2025-06-28,0.0,0.0,0.0
2025-06-29,0.0,0.0,0.0
2025-06-30,0.0,0.0,90.0
2025-07-01,0.0,0.0,1.0
2025-07-02,125.0,0.0,0.0
2025-07-03,64.0,82.0,9.0
2025-07-04,1.0,1.0,1.0
2025-07-05,,,
2025-07-06,,,
2025-07-07,,,
2025-07-08,,,
2025-07-09,0.0,0.0,0.0
2025-07-10,1124.0,727.0,288.0
2025-07-11,15.0,10.0,4.0
2025-07-12,0.0,0.0,47.0
2025-07-13,205.0,0.0,1.0
2025-07-14,5.0,0.0,0.0
2025-07-15,351.0,1.0,352.0
2025-07-16,121.0,1.0,18.0
2025-07-17,1909.0,557.0,294.0
2025-07-18,32.0,12.0,1353.0
2025-07-19,0.0,0.0,15.0
2025-07-20,0.0,0.0,0.0
2025-07-21,0.0,0.0,0.0
2025-07-22,0.0,0.0,0.0
2025-07-23,0.0,0.0,0.0
2025-07-24,0.0,0.0,0.0
2025-07-25,0.0,0.0,0.0
2025-07-26,0.0,0.0,0.0
2025-07-27,0.0,0.0,0.0
2025-07-28,0.0,0.0,0.0
2025-07-29,0.0,0.0,0.0
2025-07-30,0.0,0.0,0.0
2025-07-31,0.0,0.0,0.0
2025-08-01,310.0,0.0,0.0
2025-08-02,312.0,0.0,49.0
2025-08-03,2295.0,0.0,2.0
2025-08-04,2132.0,389.0,189.0
2025-08-05,402.0,397.0,395.0
2025-08-06,1237.0,2895.0,72.0
2025-08-07,18.0,43.0,1.0
2025-08-08,16.0,0.0,0.0
2025-08-09,1402.0,125.0,11.0
2025-08-10,434.0,24.0,157.0
2025-08-11,220.0,125.0,369.0
2025-08-12,1580.0,5.0,190.0
2025-08-13,72.0,0.0,78.0
2025-08-14,1414.0,0.0,125.0
2025-08-15,20.0,57.0,15.0
2025-08-16,0.0,3.0,45.0
2025-08-17,1198.0,5.0,162.0
2025-08-18,13.0,1.0,331.0
2025-08-19,253.0,32.0,16.0
2025-08-20,1421.0,943.0,404.0
2025-08-21,438.0,236.0,
2025-08-22,8.0,50.0,
2025-08-23,0.0,1.0,157.0
2025-08-24,0.0,0.0,
2025-08-25,264.0,0.0,0.0
2025-08-26,271.0,197.0,0.0
2025-08-27,3.0,3.0,110.0
2025-08-28,214.0,0.0,66.0
2025-08-29,268.0,79.0,19.0
2025-08-30,13.0,5.0,1.0
2025-08-31,0.0,103.0,2.0
2025-09-01,,,
2025-09-02,,,
2025-09-03,,,
2025-09-04,608.0,526.0,592.0
2025-09-05,360.0,723.0,875.0
2025-09-06,950.0,118.0,424.0
2025-09-07,613.0,1824.0,163.0
2025-09-08,76.0,543.0,1546.0
2025-09-09,24.0,237.0,204.0
2025-09-10,474.0,8.0,274.0
2025-09-11,13.0,527.0,588.0
2025-09-12,484.0,238.0,85.0
2025-09-13,1279.0,129.0,1311.0
2025-09-14,1266.0,85.0,111.0
2025-09-15,4613.0,160.0,645.0
2025-09-16,791.0,8.0,241.0
2025-09-17,252.0,90.0,1069.0
2025-09-18,2.0,5.0,12.0
2025-09-19,0.0,95.0,14.0
2025-09-20,39.0,183.0,172.0
2025-09-21,1.0,2.0,2.0
2025-09-22,0.0,0.0,47.0
2025-09-23,0.0,0.0,1.0
2025-09-24,0.0,0.0,0.0
2025-09-25,0.0,0.0,0.0
2025-09-26,0.0,0.0,0.0
2025-09-27,0.0,0.0,0.0
2025-09-28,0.0,670.0,12.0
2025-09-29,263.0,78.0,1.0
2025-09-30,,,
2025-10-01,,,
2025-10-02,,,
2025-10-03,1016.0,100.0,242.0
2025-10-04,213.0,14.0,308.0
2025-10-05,794.0,190.0,7.0
2025-10-06,16.0,3.0,0.0
2025-10-07,284.0,0.0,88.0
2025-10-08,438.0,39.0,139.0
2025-10-09,191.0,86.0,212.0
2025-10-10,3.0,9.0,3.0
2025-10-11,0.0,5.0,0.0
2025-10-12,0.0,185.0,43.0
2025-10-13,0.0,41.0,195.0
2025-10-14,0.0,120.0,890.0
2025-10-15,368.0,559.0,487.0
2025-10-16,12.0,6.0,7.0
2025-10-17,499.0,0.0,0.0
2025-10-18,295.0,0.0,89.0
2025-10-19,0.0,0.0,2.0
2025-10-20,,,
2025-10-21,25.0,287.0,32.0
2025-10-22,18.0,131.0,823.0
2025-10-23,2006.0,5.0,362.0
2025-10-24,588.0,1060.0,802.0
2025-10-25,37.0,29.0,19.0
2025-10-26,1880.0,79.0,0.0
2025-10-27,23.0,1.0,0.0
2025-10-28,344.0,0.0,0.0
2025-10-29,1255.0,0.0,1099.0
2025-10-30,14.0,0.0,14.0
2025-10-31,0.0,0.0,0.0
2025-11-01,0.0,0.0,0.0
2025-11-02,0.0,0.0,0.0
2025-11-03,0.0,0.0,0.0
2025-11-04,1216.0,0.0,248.0
2025-11-05,10.0,136.0,236.0
2025-11-06,1.0,3.0,4.0
2025-11-07,0.0,0.0,321.0
2025-11-08,0.0,0.0,4.0
2025-11-09,178.0,0.0,482.0
2025-11-10,89.0,0.0,104.0
2025-11-11,91.0,0.0,1.0
2025-11-12,967.0,145.0,
2025-11-13,851.0,131.0,169.0
2025-11-14,22.0,316.0,149.0
2025-11-15,1287.0,418.0,344.0
2025-11-16,36.0,85.0,375.0
2025-11-17,441.0,27.0,123.0
2025-11-18,1338.0,328.0,78.0
2025-11-19,25.0,4.0,224.0
2025-11-20,1363.0,145.0,406.0
2025-11-21,278.0,58.0,17.0
2025-11-22,547.0,693.0,299.0
2025-11-23,63.0,86.0,14.0
2025-11-24,780.0,1.0,0.0
2025-11-25,299.0,0.0,391.0
2025-11-26,535.0,25.0,273.0
2025-11-27,76.0,55.0,523.0
2025-11-28,3026.0,1.0,282.0
2025-11-29,1477.0,,224.0
2025-11-30,18.0,5.0,3.0
2025-12-01,189.0,0.0,58.0
2025-12-02,7.0,0.0,2.0
2025-12-03,142.0,0.0,0.0
2025-12-04,534.0,345.0,138.0
2025-12-05,,,
2025-12-06,,,
2025-12-07,,,
2025-12-08,,,
2025-12-09,,,
2025-12-10,0.0,0.0,0.0
2025-12-11,542.0,9.0,0.0
2025-12-12,1141.0,1.0,52.0
2025-12-13,431.0,0.0,1.0
2025-12-14,32.0,0.0,0.0
2025-12-15,2088.0,0.0,78.0
2025-12-16,1323.0,81.0,1.0
2025-12-17,3043.0,63.0,367.0
2025-12-18,80.0,3.0,113.0
2025-12-19,0.0,996.0,240.0
2025-12-20,1456.0,77.0,157.0
2025-12-21,898.0,371.0,49.0
2025-12-22,35.0,314.0,98.0
2025-12-23,1.0,74.0,664.0
2025-12-24,0.0,356.0,76.0
2025-12-25,168.0,2342.0,627.0
2025-12-26,698.0,85.0,169.0
2025-12-27,1016.0,606.0,99.0
2025-12-28,34.0,33.0,150.0
2025-12-29,422.0,58.0,150.0
2025-12-30,119.0,90.0,33.0
2025-12-31,136.0,161.0,107.0
2026-01-01,546.0,131.0,437.0
2026-01-02,31.0,4.0,115.0
2026-01-03,43.0,0.0,150.0
2026-01-04,342.0,1267.0,33.0
2026-01-05,1212.0,278.0,1.0
2026-01-06,564.0,3.0,76.0
2026-01-07,7.0,825.0,1.0
2026-01-08,426.0,67.0,1437.0
2026-01-09,7530.0,412.0,209.0
2026-01-10,385.0,199.0,103.0
2026-01-11,3.0,2.0,1.0
2026-01-12,0.0,639.0,47.0
2026-01-13,186.0,21.0,186.0
2026-01-14,1050.0,0.0,6.0
2026-01-15,544.0,0.0,0.0
2026-01-16,5100.0,913.0,114.0
2026-01-17,122.0,14.0,605.0
2026-01-18,68.0,52.0,7.0
2026-01-19,2.0,1.0,0.0
2026-01-20,888.0,0.0,61.0
2026-01-21,12.0,0.0,1.0
2026-01-22,0.0,0.0,68.0
2026-01-23,56.0,242.0,
2026-01-24,1.0,4.0,2.0
2026-01-25,0.0,0.0,0.0
2026-01-26,37.0,0.0,266.0
2026-01-27,17.0,0.0,9.0
2026-01-28,7802.0,1371.0,0.0
2026-01-29,3034.0,675.0,216.0
2026-01-30,84.0,84.0,244.0
2026-01-31,233.0,1.0,3.0
2026-02-01,143.0,18.0,15.0
2026-02-02,298.0,88.0,178.0
2026-02-03,8.0,180.0,83.0
2026-02-04,188.0,897.0,26.0
2026-02-05,220.0,107.0,2.0
2026-02-06,187.0,638.0,0.0
2026-02-07,523.0,8.0,0.0
2026-02-08,11.0,0.0,0.0
2026-02-09,0.0,3.0,0.0
2026-02-10,5069.0,875.0,2297.0
2026-02-11,141.0,177.0,68.0
2026-02-12,1.0,30.0,0.0
2026-02-13,780.0,79.0,2054.0
2026-02-14,21.0,1.0,38.0
2026-02-15,0.0,0.0,0.0
2026-02-16,0.0,0.0,0.0
2026-02-17,0.0,0.0,0.0
2026-02-18,0.0,67.0,25.0
2026-02-19,508.0,477.0,479.0
2026-02-20,116.0,23.0,19.0
2026-02-21,246.0,107.0,41.0
2026-02-22,106.0,743.0,1484.0
2026-02-23,166.0,703.0,111.0
2026-02-24,698.0,306.0,320.0
2026-02-25,119.0,223.0,89.0
2026-02-26,50.0,3.0,1.0
2026-02-27,111.0,285.0,62.0
2026-02-28,0.0,3.0,3.0
2026-03-01,0.0,0.0,0.0
2026-03-02,0.0,0.0,0.0
2026-03-03,0.0,0.0,0.0
2026-03-04,0.0,34.0,0.0
2026-03-05,0.0,1.0,923.0
2026-03-06,0.0,334.0,
2026-03-07,0.0,11.0,95.0
2026-03-08,0.0,0.0,1.0
2026-03-09,0.0,0.0,0.0
2026-03-10,196.0,0.0,107.0
2026-03-11,5.0,0.0,3.0
2026-03-12,0.0,0.0,865.0
2026-03-13,0.0,6229.0,183.0
2026-03-14,0.0,0.0,0.0
2026-03-15,0.0,0.0,0.0
2026-03-16,37.0,0.0,0.0
2026-03-17,156.0,147.0,47.0
2026-03-18,4.0,87.0,108.0
2026-03-19,36.0,2.0,3.0
2026-03-20,1.0,0.0,0.0
2026-03-21,0.0,0.0,0.0
2026-03-22,0.0,0.0,0.0
2026-03-23,0.0,0.0,49.0
2026-03-24,0.0,0.0,2.0
2026-03-25,928.0,0.0,0.0
2026-03-26,72.0,0.0,0.0
2026-03-27,59.0,0.0,520.0
2026-03-28,2.0,0.0,58.0
2026-03-29,276.0,0.0,69.0
2026-03-30,137.0,325.0,32.0
2026-03-31,271.0,4.0,1.0
2026-04-01,436.0,0.0,8.0
2026-04-02,114.0,75.0,538.0
2026-04-03,6.0,2.0,94.0
2026-04-04,1300.0,338.0,29.0
2026-04-05,4321.0,929.0,455.0
2026-04-06,142.0,10.0,17.0
2026-04-07,1292.0,449.0,134.0
2026-04-08,29.0,313.0,3.0
2026-04-09,101.0,168.0,0.0
2026-04-10,4.0,2.0,776.0
2026-04-11,0.0,0.0,20.0
2026-04-12,0.0,119.0,0.0
2026-04-13,0.0,4.0,196.0
2026-04-14,0.0,0.0,8.0
2026-04-15,0.0,0.0,0.0
2026-04-16,0.0,0.0,0.0
2026-04-17,0.0,0.0,0.0
2026-04-18,0.0,0.0,0.0
2026-04-19,0.0,0.0,0.0
2026-04-20,33.0,0.0,163.0
2026-04-21,1.0,0.0,19.0
2026-04-22,0.0,0.0,1.0
2026-04-23,636.0,22.0,87.0
2026-04-24,22.0,1.0,3.0
2026-04-25,,1.0,0.0
2026-04-26,171.0,59.0,0.0
2026-04-27,9.0,60.0,44.0
2026-04-28,,,
2026-04-29,0.0,0.0,0.0
2026-04-30,367.0,0.0,387.0
2026-05-01,309.0,0.0,56.0
2026-05-02,47.0,0.0,110.0
2026-05-03,74.0,102.0,282.0
2026-05-04,3189.0,594.0,139.0
2026-05-05,908.0,29.0,249.0
2026-05-06,104.0,314.0,128.0
2026-05-07,767.0,29.0,242.0
2026-05-08,589.0,0.0,102.0
2026-05-09,710.0,590.0,4.0
2026-05-10,195.0,1855.0,0.0
2026-05-11,530.0,20.0,54.0
2026-05-12,45.0,899.0,2.0
2026-05-13,4549.0,1243.0,655.0
2026-05-14,77.0,913.0,226.0
2026-05-15,1008.0,764.0,1634.0
2026-05-16,1083.0,18.0,50.0
2026-05-17,13.0,108.0,572.0
2026-05-18,0.0,17.0,43.0
2026-05-19,0.0,33.0,1.0
2026-05-20,946.0,119.0,36.0
2026-05-21,30.0,185.0,96.0
2026-05-22,4757.0,2.0,221.0
2026-05-23,115.0,0.0,487.0
2026-05-24,0.0,0.0,15.0
2026-05-25,185.0,18.0,315.0
2026-05-26,1218.0,1.0,395.0
2026-05-27,769.0,0.0,92.0
2026-05-28,291.0,0.0,1.0
2026-05-29,317.0,0.0,0.0
2026-05-30,5.0,0.0,0.0
2026-05-31,0.0,0.0,0.0
2026-06-01,,,
