river,station,pred_mm
johor,johor_ladang_lim_lim,86.5
johor,johor_ladang_lim_lim,78.0
johor,johor_ladang_lim_lim,44.6
johor,johor_ladang_lim_lim,81.0
johor,johor_ladang_lim_lim,172.3
johor,johor_ladang_lim_lim,209.8
johor,johor_ladang_lim_lim,417.3
johor,johor_ladang_lim_lim,337.3
johor,johor_ladang_lim_lim,106.2
johor,johor_ladang_lim_lim,147.0
johor,johor_ladang_lim_lim,75.0
johor,johor_ladang_lim_lim,384.3
johor,johor_ladang_lim_lim,188.6
johor,johor_ladang_lim_lim,74.0
johor,johor_ladang_lim_lim,64.1
johor,johor_ladang_lim_lim,95.6
johor,johor_ladang_lim_lim,88.9
johor,johor_ladang_lim_lim,161.5
johor,johor_ladang_lim_lim,204.7
johor,johor_ladang_lim_lim,134.2
johor,johor_sg_tiram_di_kg_bukit_dagang,212.2
johor,johor_sg_tiram_di_kg_bukit_dagang,204.5
johor,johor_sg_tiram_di_kg_bukit_dagang,213.6
johor,johor_sg_tiram_di_kg_bukit_dagang,162.6
johor,johor_sg_tiram_di_kg_bukit_dagang,188.9
johor,johor_sg_tiram_di_kg_bukit_dagang,358.7
johor,johor_sg_tiram_di_kg_bukit_dagang,291.0
johor,johor_sg_tiram_di_kg_bukit_dagang,227.0
johor,johor_sg_tiram_di_kg_bukit_dagang,110.1
johor,johor_sg_tiram_di_kg_bukit_dagang,26.4
johor,johor_sg_tiram_di_kg_bukit_dagang,42.6
johor,johor_sg_tiram_di_kg_bukit_dagang,26.2
johor,johor_sg_tiram_di_kg_bukit_dagang,122.4
johor,johor_sg_tiram_di_kg_bukit_dagang,157.6
johor,johor_sg_tiram_di_kg_bukit_dagang,185.9
johor,johor_sg_tiram_di_kg_bukit_dagang,87.1
johor,johor_sg_tiram_di_kg_bukit_dagang,142.2
johor,johor_sg_tiram_di_kg_bukit_dagang,126.8
johor,johor_sg_tiram_di_kg_bukit_dagang,349.3
johor,johor_sg_tiram_di_kg_bukit_dagang,271.5
johor,johor_sg_tiram_di_klinik_kesihatan_ulu_tiram,94.1
johor,johor_sg_tiram_di_klinik_kesihatan_ulu_tiram,85.7
johor,johor_sg_tiram_di_klinik_kesihatan_ulu_tiram,77.8
johor,johor_sg_tiram_di_klinik_kesihatan_ulu_tiram,132.4
johor,johor_sg_tiram_di_klinik_kesihatan_ulu_tiram,161.4
johor,johor_sg_tiram_di_klinik_kesihatan_ulu_tiram,123.3
johor,johor_sg_tiram_di_klinik_kesihatan_ulu_tiram,343.1
johor,johor_sg_tiram_di_klinik_kesihatan_ulu_tiram,430.5
johor,johor_sg_tiram_di_klinik_kesihatan_ulu_tiram,166.4
johor,johor_sg_tiram_di_klinik_kesihatan_ulu_tiram,131.9
johor,johor_sg_tiram_di_klinik_kesihatan_ulu_tiram,98.8
johor,johor_sg_tiram_di_klinik_kesihatan_ulu_tiram,280.3
johor,johor_sg_tiram_di_klinik_kesihatan_ulu_tiram,211.0
johor,johor_sg_tiram_di_klinik_kesihatan_ulu_tiram,116.4
johor,johor_sg_tiram_di_klinik_kesihatan_ulu_tiram,78.8
johor,johor_sg_tiram_di_klinik_kesihatan_ulu_tiram,103.5
johor,johor_sg_tiram_di_klinik_kesihatan_ulu_tiram,63.2
johor,johor_sg_tiram_di_klinik_kesihatan_ulu_tiram,97.4
johor,johor_sg_tiram_di_klinik_kesihatan_ulu_tiram,213.0
johor,johor_sg_tiram_di_klinik_kesihatan_ulu_tiram,173.1
johor,johor_layang_layang,233.0
johor,johor_layang_layang,272.0
johor,johor_layang_layang,150.9
johor,johor_layang_layang,150.8
johor,johor_layang_layang,260.1
johor,johor_layang_layang,158.8
johor,johor_layang_layang,286.3
johor,johor_layang_layang,133.4
johor,johor_layang_layang,66.1
johor,johor_layang_layang,79.2
johor,johor_layang_layang,46.1
johor,johor_layang_layang,224.2
johor,johor_layang_layang,175.4
johor,johor_layang_layang,55.6
johor,johor_layang_layang,81.6
johor,johor_layang_layang,83.1
johor,johor_layang_layang,118.3
johor,johor_layang_layang,130.4
johor,johor_layang_layang,82.2
johor,johor_layang_layang,99.9
johor,johor_bukit_besar,128.5
johor,johor_bukit_besar,127.0
johor,johor_bukit_besar,119.5
johor,johor_bukit_besar,112.4
johor,johor_bukit_besar,102.8
johor,johor_bukit_besar,70.6
johor,johor_bukit_besar,134.9
johor,johor_bukit_besar,183.2
johor,johor_bukit_besar,89.2
johor,johor_bukit_besar,82.7
johor,johor_bukit_besar,92.4
johor,johor_bukit_besar,138.2
johor,johor_bukit_besar,166.1
johor,johor_bukit_besar,133.6
johor,johor_bukit_besar,89.1
johor,johor_bukit_besar,113.2
johor,johor_bukit_besar,95.1
johor,johor_bukit_besar,80.9
johor,johor_bukit_besar,134.8
johor,johor_bukit_besar,170.0
johor,johor_kg_semanggar,104.5
johor,johor_kg_semanggar,138.7
johor,johor_kg_semanggar,156.3
johor,johor_kg_semanggar,111.9
johor,johor_kg_semanggar,126.5
johor,johor_kg_semanggar,89.5
johor,johor_kg_semanggar,165.4
johor,johor_kg_semanggar,73.9
johor,johor_kg_semanggar,98.3
johor,johor_kg_semanggar,58.8
johor,johor_kg_semanggar,32.8
johor,johor_kg_semanggar,136.7
johor,johor_kg_semanggar,219.1
johor,johor_kg_semanggar,307.0
johor,johor_kg_semanggar,392.2
johor,johor_kg_semanggar,296.3
johor,johor_kg_semanggar,235.6
johor,johor_kg_semanggar,92.6
johor,johor_kg_semanggar,134.6
johor,johor_kg_semanggar,266.5
johor,johor_ladang_nam_heng,142.1
johor,johor_ladang_nam_heng,107.8
johor,johor_ladang_nam_heng,119.6
johor,johor_ladang_nam_heng,133.0
johor,johor_ladang_nam_heng,191.9
johor,johor_ladang_nam_heng,152.4
johor,johor_ladang_nam_heng,355.8
johor,johor_ladang_nam_heng,392.0
johor,johor_ladang_nam_heng,231.7
johor,johor_ladang_nam_heng,131.9
johor,johor_ladang_nam_heng,114.2
johor,johor_ladang_nam_heng,178.6
johor,johor_ladang_nam_heng,205.4
johor,johor_ladang_nam_heng,148.9
johor,johor_ladang_nam_heng,154.0
johor,johor_ladang_nam_heng,172.4
johor,johor_ladang_nam_heng,170.1
johor,johor_ladang_nam_heng,156.1
johor,johor_ladang_nam_heng,290.3
johor,johor_ladang_nam_heng,293.3
johor,johor_ladang_pekan,69.0
johor,johor_ladang_pekan,110.7
johor,johor_ladang_pekan,126.1
johor,johor_ladang_pekan,163.2
johor,johor_ladang_pekan,304.0
johor,johor_ladang_pekan,365.6
johor,johor_ladang_pekan,147.8
johor,johor_ladang_pekan,40.3
johor,johor_ladang_pekan,26.0
johor,johor_ladang_pekan,9.6
johor,johor_ladang_pekan,15.7
johor,johor_ladang_pekan,45.3
johor,johor_ladang_pekan,64.9
johor,johor_ladang_pekan,53.4
johor,johor_ladang_pekan,220.1
johor,johor_ladang_pekan,341.4
johor,johor_ladang_pekan,375.4
johor,johor_ladang_pekan,129.5
johor,johor_ladang_pekan,141.1
johor,johor_ladang_pekan,103.0
johor,johor_lepau,61.8
johor,johor_lepau,47.7
johor,johor_lepau,23.7
johor,johor_lepau,52.8
johor,johor_lepau,69.2
johor,johor_lepau,104.7
johor,johor_lepau,348.5
johor,johor_lepau,451.6
johor,johor_lepau,265.0
johor,johor_lepau,194.4
johor,johor_lepau,180.8
johor,johor_lepau,397.8
johor,johor_lepau,257.4
johor,johor_lepau,91.8
johor,johor_lepau,52.5
johor,johor_lepau,99.5
johor,johor_lepau,80.3
johor,johor_lepau,22.5
johor,johor_lepau,57.3
johor,johor_lepau,253.4
johor,johor_pasak,32.4
johor,johor_pasak,13.4
johor,johor_pasak,12.8
johor,johor_pasak,7.5
johor,johor_pasak,34.0
johor,johor_pasak,24.6
johor,johor_pasak,173.3
johor,johor_pasak,231.1
johor,johor_pasak,113.7
johor,johor_pasak,96.2
johor,johor_pasak,82.9
johor,johor_pasak,234.2
johor,johor_pasak,251.3
johor,johor_pasak,27.2
johor,johor_pasak,46.0
johor,johor_pasak,83.8
johor,johor_pasak,104.4
johor,johor_pasak,137.0
johor,johor_pasak,242.4
johor,johor_pasak,567.4
johor,johor_sg_johor_di_kota_tinggi,127.4
johor,johor_sg_johor_di_kota_tinggi,78.0
johor,johor_sg_johor_di_kota_tinggi,67.9
johor,johor_sg_johor_di_kota_tinggi,101.8
johor,johor_sg_johor_di_kota_tinggi,147.1
johor,johor_sg_johor_di_kota_tinggi,135.1
johor,johor_sg_johor_di_kota_tinggi,339.8
johor,johor_sg_johor_di_kota_tinggi,332.4
johor,johor_sg_johor_di_kota_tinggi,282.9
johor,johor_sg_johor_di_kota_tinggi,170.6
johor,johor_sg_johor_di_kota_tinggi,175.4
johor,johor_sg_johor_di_kota_tinggi,208.5
johor,johor_sg_johor_di_kota_tinggi,150.9
johor,johor_sg_johor_di_kota_tinggi,75.0
johor,johor_sg_johor_di_kota_tinggi,59.4
johor,johor_sg_johor_di_kota_tinggi,94.7
johor,johor_sg_johor_di_kota_tinggi,118.9
johor,johor_sg_johor_di_kota_tinggi,127.1
johor,johor_sg_johor_di_kota_tinggi,250.9
johor,johor_sg_johor_di_kota_tinggi,227.3
johor,johor_sg_kepala_orang_di_kg_sri_jaya,196.4
johor,johor_sg_kepala_orang_di_kg_sri_jaya,303.8
johor,johor_sg_kepala_orang_di_kg_sri_jaya,435.6
johor,johor_sg_kepala_orang_di_kg_sri_jaya,251.8
johor,johor_sg_kepala_orang_di_kg_sri_jaya,413.9
johor,johor_sg_kepala_orang_di_kg_sri_jaya,292.9
johor,johor_sg_kepala_orang_di_kg_sri_jaya,290.4
johor,johor_sg_kepala_orang_di_kg_sri_jaya,169.1
johor,johor_sg_kepala_orang_di_kg_sri_jaya,127.2
johor,johor_sg_kepala_orang_di_kg_sri_jaya,37.0
johor,johor_sg_kepala_orang_di_kg_sri_jaya,60.7
johor,johor_sg_kepala_orang_di_kg_sri_jaya,35.5
johor,johor_sg_kepala_orang_di_kg_sri_jaya,85.4
johor,johor_sg_kepala_orang_di_kg_sri_jaya,269.6
johor,johor_sg_kepala_orang_di_kg_sri_jaya,378.3
johor,johor_sg_kepala_orang_di_kg_sri_jaya,535.5
johor,johor_sg_kepala_orang_di_kg_sri_jaya,262.8
johor,johor_sg_kepala_orang_di_kg_sri_jaya,94.0
johor,johor_sg_kepala_orang_di_kg_sri_jaya,307.9
johor,johor_sg_kepala_orang_di_kg_sri_jaya,172.4
johor,johor_sg_linggiu_di_linggiu,126.8
johor,johor_sg_linggiu_di_linggiu,92.2
johor,johor_sg_linggiu_di_linggiu,73.8
johor,johor_sg_linggiu_di_linggiu,105.1
johor,johor_sg_linggiu_di_linggiu,184.9
johor,johor_sg_linggiu_di_linggiu,148.0
johor,johor_sg_linggiu_di_linggiu,216.6
johor,johor_sg_linggiu_di_linggiu,264.9
johor,johor_sg_linggiu_di_linggiu,114.7
johor,johor_sg_linggiu_di_linggiu,148.4
johor,johor_sg_linggiu_di_linggiu,141.8
johor,johor_sg_linggiu_di_linggiu,275.0
johor,johor_sg_linggiu_di_linggiu,139.2
johor,johor_sg_linggiu_di_linggiu,111.7
johor,johor_sg_linggiu_di_linggiu,78.0
johor,johor_sg_linggiu_di_linggiu,86.4
johor,johor_sg_linggiu_di_linggiu,117.0
johor,johor_sg_linggiu_di_linggiu,166.3
johor,johor_sg_linggiu_di_linggiu,128.1
johor,johor_sg_linggiu_di_linggiu,113.7
johor,johor_sg_sembilang_di_kg_sg_sembilang,153.3
johor,johor_sg_sembilang_di_kg_sg_sembilang,212.6
johor,johor_sg_sembilang_di_kg_sg_sembilang,121.3
johor,johor_sg_sembilang_di_kg_sg_sembilang,89.8
johor,johor_sg_sembilang_di_kg_sg_sembilang,249.9
johor,johor_sg_sembilang_di_kg_sg_sembilang,194.2
johor,johor_sg_sembilang_di_kg_sg_sembilang,120.6
johor,johor_sg_sembilang_di_kg_sg_sembilang,380.8
johor,johor_sg_sembilang_di_kg_sg_sembilang,266.3
johor,johor_sg_sembilang_di_kg_sg_sembilang,120.7
johor,johor_sg_sembilang_di_kg_sg_sembilang,59.0
johor,johor_sg_sembilang_di_kg_sg_sembilang,122.4
johor,johor_sg_sembilang_di_kg_sg_sembilang,108.7
johor,johor_sg_sembilang_di_kg_sg_sembilang,227.7
johor,johor_sg_sembilang_di_kg_sg_sembilang,162.3
johor,johor_sg_sembilang_di_kg_sg_sembilang,235.2
johor,johor_sg_sembilang_di_kg_sg_sembilang,292.4
johor,johor_sg_sembilang_di_kg_sg_sembilang,81.1
johor,johor_sg_sembilang_di_kg_sg_sembilang,175.4
johor,johor_sg_sembilang_di_kg_sg_sembilang,246.2
johor,johor_ulu_sebol,87.4
johor,johor_ulu_sebol,52.7
johor,johor_ulu_sebol,35.2
johor,johor_ulu_sebol,61.9
johor,johor_ulu_sebol,71.3
johor,johor_ulu_sebol,38.7
johor,johor_ulu_sebol,213.7
johor,johor_ulu_sebol,228.6
johor,johor_ulu_sebol,233.6
johor,johor_ulu_sebol,101.0
johor,johor_ulu_sebol,195.8
johor,johor_ulu_sebol,279.1
johor,johor_ulu_sebol,183.3
johor,johor_ulu_sebol,78.4
johor,johor_ulu_sebol,29.2
johor,johor_ulu_sebol,70.6
johor,johor_ulu_sebol,71.1
johor,johor_ulu_sebol,76.2
johor,johor_ulu_sebol,200.6
johor,johor_ulu_sebol,224.3
johor,johor_ladang_sedenak,211.7
johor,johor_ladang_sedenak,114.0
johor,johor_ladang_sedenak,83.2
johor,johor_ladang_sedenak,69.5
johor,johor_ladang_sedenak,161.9
johor,johor_ladang_sedenak,93.4
johor,johor_ladang_sedenak,182.2
johor,johor_ladang_sedenak,198.4
johor,johor_ladang_sedenak,125.9
johor,johor_ladang_sedenak,84.7
johor,johor_ladang_sedenak,113.9
johor,johor_ladang_sedenak,255.8
johor,johor_ladang_sedenak,309.3
johor,johor_ladang_sedenak,174.0
johor,johor_ladang_sedenak,121.3
johor,johor_ladang_sedenak,118.4
johor,johor_ladang_sedenak,143.7
johor,johor_ladang_sedenak,121.2
johor,johor_ladang_sedenak,141.1
johor,johor_ladang_sedenak,193.6
johor,johor_sg_siam_di_kg_sg_siam,105.3
johor,johor_sg_siam_di_kg_sg_siam,106.4
johor,johor_sg_siam_di_kg_sg_siam,61.8
johor,johor_sg_siam_di_kg_sg_siam,95.4
johor,johor_sg_siam_di_kg_sg_siam,124.0
johor,johor_sg_siam_di_kg_sg_siam,78.0
johor,johor_sg_siam_di_kg_sg_siam,444.9
johor,johor_sg_siam_di_kg_sg_siam,233.9
johor,johor_sg_siam_di_kg_sg_siam,178.4
johor,johor_sg_siam_di_kg_sg_siam,176.3
johor,johor_sg_siam_di_kg_sg_siam,201.3
johor,johor_sg_siam_di_kg_sg_siam,285.1
johor,johor_sg_siam_di_kg_sg_siam,182.8
johor,johor_sg_siam_di_kg_sg_siam,123.3
johor,johor_sg_siam_di_kg_sg_siam,108.6
johor,johor_sg_siam_di_kg_sg_siam,186.1
johor,johor_sg_siam_di_kg_sg_siam,145.6
johor,johor_sg_siam_di_kg_sg_siam,85.4
johor,johor_sg_siam_di_kg_sg_siam,118.5
johor,johor_sg_siam_di_kg_sg_siam,124.9
johor,johor_sg_siku_di_kg_murni_jaya,48.0
johor,johor_sg_siku_di_kg_murni_jaya,45.2
johor,johor_sg_siku_di_kg_murni_jaya,77.4
johor,johor_sg_siku_di_kg_murni_jaya,99.8
johor,johor_sg_siku_di_kg_murni_jaya,176.4
johor,johor_sg_siku_di_kg_murni_jaya,142.9
johor,johor_sg_siku_di_kg_murni_jaya,361.3
johor,johor_sg_siku_di_kg_murni_jaya,349.3
johor,johor_sg_siku_di_kg_murni_jaya,374.1
johor,johor_sg_siku_di_kg_murni_jaya,180.6
johor,johor_sg_siku_di_kg_murni_jaya,106.2
johor,johor_sg_siku_di_kg_murni_jaya,91.0
johor,johor_sg_siku_di_kg_murni_jaya,73.8
johor,johor_sg_siku_di_kg_murni_jaya,116.8
johor,johor_sg_siku_di_kg_murni_jaya,88.7
johor,johor_sg_siku_di_kg_murni_jaya,151.1
johor,johor_sg_siku_di_kg_murni_jaya,136.4
johor,johor_sg_siku_di_kg_murni_jaya,170.9
johor,johor_sg_siku_di_kg_murni_jaya,215.7
johor,johor_sg_siku_di_kg_murni_jaya,271.0
kedah,kedah_sek_keb_felda_bukit_tangga,42.8
kedah,kedah_sek_keb_felda_bukit_tangga,15.7
kedah,kedah_sek_keb_felda_bukit_tangga,36.3
kedah,kedah_sek_keb_felda_bukit_tangga,82.2
kedah,kedah_sek_keb_felda_bukit_tangga,107.0
kedah,kedah_sek_keb_felda_bukit_tangga,251.1
kedah,kedah_sek_keb_felda_bukit_tangga,207.1
kedah,kedah_sek_keb_felda_bukit_tangga,187.4
kedah,kedah_sek_keb_felda_bukit_tangga,5.1
kedah,kedah_sek_keb_felda_bukit_tangga,29.3
kedah,kedah_sek_keb_felda_bukit_tangga,39.6
kedah,kedah_sek_keb_felda_bukit_tangga,94.5
kedah,kedah_sek_keb_felda_bukit_tangga,411.6
kedah,kedah_sek_keb_felda_bukit_tangga,875.9
kedah,kedah_sek_keb_felda_bukit_tangga,620.7
kedah,kedah_sek_keb_felda_bukit_tangga,905.0
kedah,kedah_sek_keb_felda_bukit_tangga,599.7
kedah,kedah_sek_keb_felda_bukit_tangga,1114.7
kedah,kedah_sek_keb_felda_bukit_tangga,476.8
kedah,kedah_sek_keb_felda_bukit_tangga,96.5
kedah,kedah_sg_badak_di_akademi_binaan_malaysia_abm,260.3
kedah,kedah_sg_badak_di_akademi_binaan_malaysia_abm,53.3
kedah,kedah_sg_badak_di_akademi_binaan_malaysia_abm,64.2
kedah,kedah_sg_badak_di_akademi_binaan_malaysia_abm,93.0
kedah,kedah_sg_badak_di_akademi_binaan_malaysia_abm,120.6
kedah,kedah_sg_badak_di_akademi_binaan_malaysia_abm,216.8
kedah,kedah_sg_badak_di_akademi_binaan_malaysia_abm,286.7
kedah,kedah_sg_badak_di_akademi_binaan_malaysia_abm,742.4
kedah,kedah_sg_badak_di_akademi_binaan_malaysia_abm,15.8
kedah,kedah_sg_badak_di_akademi_binaan_malaysia_abm,78.7
kedah,kedah_sg_badak_di_akademi_binaan_malaysia_abm,58.1
kedah,kedah_sg_badak_di_akademi_binaan_malaysia_abm,378.9
kedah,kedah_sg_badak_di_akademi_binaan_malaysia_abm,667.8
kedah,kedah_sg_badak_di_akademi_binaan_malaysia_abm,383.9
kedah,kedah_sg_badak_di_akademi_binaan_malaysia_abm,230.2
kedah,kedah_sg_badak_di_akademi_binaan_malaysia_abm,101.5
kedah,kedah_sg_badak_di_akademi_binaan_malaysia_abm,52.8
kedah,kedah_sg_badak_di_akademi_binaan_malaysia_abm,563.7
kedah,kedah_sg_badak_di_akademi_binaan_malaysia_abm,476.3
kedah,kedah_sg_badak_di_akademi_binaan_malaysia_abm,218.6
kedah,kedah_sg_padang_terap_di_kepala_batas,143.8
kedah,kedah_sg_padang_terap_di_kepala_batas,129.0
kedah,kedah_sg_padang_terap_di_kepala_batas,92.2
kedah,kedah_sg_padang_terap_di_kepala_batas,427.7
kedah,kedah_sg_padang_terap_di_kepala_batas,325.5
kedah,kedah_sg_padang_terap_di_kepala_batas,342.9
kedah,kedah_sg_padang_terap_di_kepala_batas,334.0
kedah,kedah_sg_padang_terap_di_kepala_batas,149.7
kedah,kedah_sg_padang_terap_di_kepala_batas,31.4
kedah,kedah_sg_padang_terap_di_kepala_batas,53.9
kedah,kedah_sg_padang_terap_di_kepala_batas,96.4
kedah,kedah_sg_padang_terap_di_kepala_batas,318.0
kedah,kedah_sg_padang_terap_di_kepala_batas,297.6
kedah,kedah_sg_padang_terap_di_kepala_batas,137.6
kedah,kedah_sg_padang_terap_di_kepala_batas,90.6
kedah,kedah_sg_padang_terap_di_kepala_batas,235.2
kedah,kedah_sg_padang_terap_di_kepala_batas,155.2
kedah,kedah_sg_padang_terap_di_kepala_batas,297.5
kedah,kedah_sg_padang_terap_di_kepala_batas,285.0
kedah,kedah_sg_padang_terap_di_kepala_batas,29.0
kedah,kedah_sg_sintok_di_uum_sintok,149.4
kedah,kedah_sg_sintok_di_uum_sintok,57.8
kedah,kedah_sg_sintok_di_uum_sintok,67.4
kedah,kedah_sg_sintok_di_uum_sintok,145.5
kedah,kedah_sg_sintok_di_uum_sintok,394.4
kedah,kedah_sg_sintok_di_uum_sintok,559.9
kedah,kedah_sg_sintok_di_uum_sintok,304.3
kedah,kedah_sg_sintok_di_uum_sintok,138.4
kedah,kedah_sg_sintok_di_uum_sintok,8.0
kedah,kedah_sg_sintok_di_uum_sintok,31.8
kedah,kedah_sg_sintok_di_uum_sintok,58.1
kedah,kedah_sg_sintok_di_uum_sintok,189.0
kedah,kedah_sg_sintok_di_uum_sintok,276.3
kedah,kedah_sg_sintok_di_uum_sintok,225.5
kedah,kedah_sg_sintok_di_uum_sintok,48.3
kedah,kedah_sg_sintok_di_uum_sintok,161.9
kedah,kedah_sg_sintok_di_uum_sintok,100.5
kedah,kedah_sg_sintok_di_uum_sintok,256.4
kedah,kedah_sg_sintok_di_uum_sintok,79.2
kedah,kedah_sg_sintok_di_uum_sintok,17.9
kedah,kedah_sg_temin_di_kg_jeragan,115.4
kedah,kedah_sg_temin_di_kg_jeragan,87.9
kedah,kedah_sg_temin_di_kg_jeragan,66.1
kedah,kedah_sg_temin_di_kg_jeragan,81.8
kedah,kedah_sg_temin_di_kg_jeragan,106.5
kedah,kedah_sg_temin_di_kg_jeragan,234.6
kedah,kedah_sg_temin_di_kg_jeragan,62.6
kedah,kedah_sg_temin_di_kg_jeragan,44.5
kedah,kedah_sg_temin_di_kg_jeragan,4.4
kedah,kedah_sg_temin_di_kg_jeragan,8.8
kedah,kedah_sg_temin_di_kg_jeragan,15.5
kedah,kedah_sg_temin_di_kg_jeragan,98.1
kedah,kedah_sg_temin_di_kg_jeragan,93.4
kedah,kedah_sg_temin_di_kg_jeragan,106.4
kedah,kedah_sg_temin_di_kg_jeragan,73.6
kedah,kedah_sg_temin_di_kg_jeragan,59.1
kedah,kedah_sg_temin_di_kg_jeragan,103.7
kedah,kedah_sg_temin_di_kg_jeragan,158.6
kedah,kedah_sg_temin_di_kg_jeragan,109.3
kedah,kedah_sg_temin_di_kg_jeragan,19.0
kedah,kedah_felcra_sebapin,180.7
kedah,kedah_felcra_sebapin,116.5
kedah,kedah_felcra_sebapin,92.1
kedah,kedah_felcra_sebapin,196.0
kedah,kedah_felcra_sebapin,475.3
kedah,kedah_felcra_sebapin,511.1
kedah,kedah_felcra_sebapin,489.0
kedah,kedah_felcra_sebapin,153.2
kedah,kedah_felcra_sebapin,7.9
kedah,kedah_felcra_sebapin,15.8
kedah,kedah_felcra_sebapin,40.1
kedah,kedah_felcra_sebapin,163.0
kedah,kedah_felcra_sebapin,185.5
kedah,kedah_felcra_sebapin,127.1
kedah,kedah_felcra_sebapin,82.5
kedah,kedah_felcra_sebapin,103.5
kedah,kedah_felcra_sebapin,202.8
kedah,kedah_felcra_sebapin,385.8
kedah,kedah_felcra_sebapin,279.3
kedah,kedah_felcra_sebapin,24.0
kedah,kedah_sek_keb_lamdin,111.9
kedah,kedah_sek_keb_lamdin,84.7
kedah,kedah_sek_keb_lamdin,58.9
kedah,kedah_sek_keb_lamdin,173.3
kedah,kedah_sek_keb_lamdin,143.5
kedah,kedah_sek_keb_lamdin,334.4
kedah,kedah_sek_keb_lamdin,160.8
kedah,kedah_sek_keb_lamdin,121.8
kedah,kedah_sek_keb_lamdin,14.0
kedah,kedah_sek_keb_lamdin,50.3
kedah,kedah_sek_keb_lamdin,60.3
kedah,kedah_sek_keb_lamdin,152.5
kedah,kedah_sek_keb_lamdin,217.5
kedah,kedah_sek_keb_lamdin,121.8
kedah,kedah_sek_keb_lamdin,71.7
kedah,kedah_sek_keb_lamdin,139.4
kedah,kedah_sek_keb_lamdin,139.9
kedah,kedah_sek_keb_lamdin,238.1
kedah,kedah_sek_keb_lamdin,235.1
kedah,kedah_sek_keb_lamdin,38.5
kedah,kedah_sg_durian_burung_di_durian_burung,62.5
kedah,kedah_sg_durian_burung_di_durian_burung,9.8
kedah,kedah_sg_durian_burung_di_durian_burung,30.3
kedah,kedah_sg_durian_burung_di_durian_burung,173.3
kedah,kedah_sg_durian_burung_di_durian_burung,79.6
kedah,kedah_sg_durian_burung_di_durian_burung,263.1
kedah,kedah_sg_durian_burung_di_durian_burung,39.4
kedah,kedah_sg_durian_burung_di_durian_burung,595.0
kedah,kedah_sg_durian_burung_di_durian_burung,51.6
kedah,kedah_sg_durian_burung_di_durian_burung,304.7
kedah,kedah_sg_durian_burung_di_durian_burung,351.5
kedah,kedah_sg_durian_burung_di_durian_burung,59.9
kedah,kedah_sg_durian_burung_di_durian_burung,296.7
kedah,kedah_sg_durian_burung_di_durian_burung,85.4
kedah,kedah_sg_durian_burung_di_durian_burung,116.6
kedah,kedah_sg_durian_burung_di_durian_burung,211.6
kedah,kedah_sg_durian_burung_di_durian_burung,487.4
kedah,kedah_sg_durian_burung_di_durian_burung,1478.8
kedah,kedah_sg_durian_burung_di_durian_burung,404.9
kedah,kedah_sg_durian_burung_di_durian_burung,145.0
kedah,kedah_sg_padang_sanai_di_padang_sanai,165.3
kedah,kedah_sg_padang_sanai_di_padang_sanai,38.4
kedah,kedah_sg_padang_sanai_di_padang_sanai,90.6
kedah,kedah_sg_padang_sanai_di_padang_sanai,98.6
kedah,kedah_sg_padang_sanai_di_padang_sanai,454.9
kedah,kedah_sg_padang_sanai_di_padang_sanai,557.3
kedah,kedah_sg_padang_sanai_di_padang_sanai,283.5
kedah,kedah_sg_padang_sanai_di_padang_sanai,184.8
kedah,kedah_sg_padang_sanai_di_padang_sanai,8.2
kedah,kedah_sg_padang_sanai_di_padang_sanai,23.7
kedah,kedah_sg_padang_sanai_di_padang_sanai,87.2
kedah,kedah_sg_padang_sanai_di_padang_sanai,117.1
kedah,kedah_sg_padang_sanai_di_padang_sanai,257.8
kedah,kedah_sg_padang_sanai_di_padang_sanai,221.8
kedah,kedah_sg_padang_sanai_di_padang_sanai,139.5
kedah,kedah_sg_padang_sanai_di_padang_sanai,301.8
kedah,kedah_sg_padang_sanai_di_padang_sanai,192.8
kedah,kedah_sg_padang_sanai_di_padang_sanai,816.6
kedah,kedah_sg_padang_sanai_di_padang_sanai,269.0
kedah,kedah_sg_padang_sanai_di_padang_sanai,61.7
kedah,kedah_sg_sari_di_kilang_gula_padang_terap,94.0
kedah,kedah_sg_sari_di_kilang_gula_padang_terap,38.6
kedah,kedah_sg_sari_di_kilang_gula_padang_terap,36.4
kedah,kedah_sg_sari_di_kilang_gula_padang_terap,168.3
kedah,kedah_sg_sari_di_kilang_gula_padang_terap,108.5
kedah,kedah_sg_sari_di_kilang_gula_padang_terap,299.5
kedah,kedah_sg_sari_di_kilang_gula_padang_terap,41.0
kedah,kedah_sg_sari_di_kilang_gula_padang_terap,156.6
kedah,kedah_sg_sari_di_kilang_gula_padang_terap,22.2
kedah,kedah_sg_sari_di_kilang_gula_padang_terap,54.4
kedah,kedah_sg_sari_di_kilang_gula_padang_terap,89.0
kedah,kedah_sg_sari_di_kilang_gula_padang_terap,220.2
kedah,kedah_sg_sari_di_kilang_gula_padang_terap,299.8
kedah,kedah_sg_sari_di_kilang_gula_padang_terap,212.6
kedah,kedah_sg_sari_di_kilang_gula_padang_terap,109.3
kedah,kedah_sg_sari_di_kilang_gula_padang_terap,373.6
kedah,kedah_sg_sari_di_kilang_gula_padang_terap,226.8
kedah,kedah_sg_sari_di_kilang_gula_padang_terap,916.8
kedah,kedah_sg_sari_di_kilang_gula_padang_terap,239.1
kedah,kedah_sg_sari_di_kilang_gula_padang_terap,47.1
kedah,kedah_sek_keb_kampung_bukit,253.8
kedah,kedah_sek_keb_kampung_bukit,182.6
kedah,kedah_sek_keb_kampung_bukit,268.5
kedah,kedah_sek_keb_kampung_bukit,150.5
kedah,kedah_sek_keb_kampung_bukit,385.6
kedah,kedah_sek_keb_kampung_bukit,905.5
kedah,kedah_sek_keb_kampung_bukit,455.1
kedah,kedah_sek_keb_kampung_bukit,277.1
kedah,kedah_sek_keb_kampung_bukit,15.5
kedah,kedah_sek_keb_kampung_bukit,25.6
kedah,kedah_sek_keb_kampung_bukit,54.5
kedah,kedah_sek_keb_kampung_bukit,318.7
kedah,kedah_sek_keb_kampung_bukit,505.7
kedah,kedah_sek_keb_kampung_bukit,689.0
kedah,kedah_sek_keb_kampung_bukit,695.1
kedah,kedah_sek_keb_kampung_bukit,197.4
kedah,kedah_sek_keb_kampung_bukit,131.5
kedah,kedah_sek_keb_kampung_bukit,439.5
kedah,kedah_sek_keb_kampung_bukit,353335.8
kedah,kedah_sek_keb_kampung_bukit,160.6
klang,klang_genting_sempah,272.2
klang,klang_genting_sempah,213.0
klang,klang_genting_sempah,110.4
klang,klang_genting_sempah,225.8
klang,klang_genting_sempah,261.0
klang,klang_genting_sempah,376.8
klang,klang_genting_sempah,540.1
klang,klang_genting_sempah,418.4
klang,klang_genting_sempah,237.5
klang,klang_genting_sempah,173.6
klang,klang_genting_sempah,315.9
klang,klang_genting_sempah,347.5
klang,klang_genting_sempah,278.4
klang,klang_genting_sempah,129.6
klang,klang_genting_sempah,92.6
klang,klang_genting_sempah,142.2
klang,klang_genting_sempah,278.4
klang,klang_genting_sempah,307.3
klang,klang_genting_sempah,402.0
klang,klang_genting_sempah,326.1
klang,klang_empangan_batu,118.8
klang,klang_empangan_batu,138.3
klang,klang_empangan_batu,82.0
klang,klang_empangan_batu,148.5
klang,klang_empangan_batu,236.2
klang,klang_empangan_batu,314.2
klang,klang_empangan_batu,535.2
klang,klang_empangan_batu,379.6
klang,klang_empangan_batu,199.3
klang,klang_empangan_batu,99.6
klang,klang_empangan_batu,239.5
klang,klang_empangan_batu,319.3
klang,klang_empangan_batu,243.5
klang,klang_empangan_batu,83.4
klang,klang_empangan_batu,72.7
klang,klang_empangan_batu,108.0
klang,klang_empangan_batu,322.8
klang,klang_empangan_batu,377.0
klang,klang_empangan_batu,375.6
klang,klang_empangan_batu,459.8
klang,klang_empangan_klang_gates,412.0
klang,klang_empangan_klang_gates,284.9
klang,klang_empangan_klang_gates,113.9
klang,klang_empangan_klang_gates,157.9
klang,klang_empangan_klang_gates,307.2
klang,klang_empangan_klang_gates,287.5
klang,klang_empangan_klang_gates,555.2
klang,klang_empangan_klang_gates,334.2
klang,klang_empangan_klang_gates,173.7
klang,klang_empangan_klang_gates,84.4
klang,klang_empangan_klang_gates,124.9
klang,klang_empangan_klang_gates,223.6
klang,klang_empangan_klang_gates,183.0
klang,klang_empangan_klang_gates,87.1
klang,klang_empangan_klang_gates,27.8
klang,klang_empangan_klang_gates,58.1
klang,klang_empangan_klang_gates,151.3
klang,klang_empangan_klang_gates,155.2
klang,klang_empangan_klang_gates,195.8
klang,klang_empangan_klang_gates,304.1
klang,klang_gombak_simpang_3,480.6
klang,klang_gombak_simpang_3,436.2
klang,klang_gombak_simpang_3,268.6
klang,klang_gombak_simpang_3,384.2
klang,klang_gombak_simpang_3,385.8
klang,klang_gombak_simpang_3,437.9
klang,klang_gombak_simpang_3,429.4
klang,klang_gombak_simpang_3,367.7
klang,klang_gombak_simpang_3,267.0
klang,klang_gombak_simpang_3,185.9
klang,klang_gombak_simpang_3,328.6
klang,klang_gombak_simpang_3,488.5
klang,klang_gombak_simpang_3,469.9
klang,klang_gombak_simpang_3,244.1
klang,klang_gombak_simpang_3,160.7
klang,klang_gombak_simpang_3,276.6
klang,klang_gombak_simpang_3,425.9
klang,klang_gombak_simpang_3,368.5
klang,klang_gombak_simpang_3,447.4
klang,klang_gombak_simpang_3,287.8
klang,klang_kg_sg_tua_empangan_batu,414.9
klang,klang_kg_sg_tua_empangan_batu,234.4
klang,klang_kg_sg_tua_empangan_batu,220.0
klang,klang_kg_sg_tua_empangan_batu,145.0
klang,klang_kg_sg_tua_empangan_batu,220.6
klang,klang_kg_sg_tua_empangan_batu,201.9
klang,klang_kg_sg_tua_empangan_batu,353.4
klang,klang_kg_sg_tua_empangan_batu,417.0
klang,klang_kg_sg_tua_empangan_batu,345.3
klang,klang_kg_sg_tua_empangan_batu,217.4
klang,klang_kg_sg_tua_empangan_batu,249.2
klang,klang_kg_sg_tua_empangan_batu,271.2
klang,klang_kg_sg_tua_empangan_batu,403.6
klang,klang_kg_sg_tua_empangan_batu,165.9
klang,klang_kg_sg_tua_empangan_batu,161.2
klang,klang_kg_sg_tua_empangan_batu,92.2
klang,klang_kg_sg_tua_empangan_batu,160.8
klang,klang_kg_sg_tua_empangan_batu,196.3
klang,klang_kg_sg_tua_empangan_batu,342.0
klang,klang_kg_sg_tua_empangan_batu,277.2
klang,klang_lembah_jaya,372.9
klang,klang_lembah_jaya,394.6
klang,klang_lembah_jaya,215.8
klang,klang_lembah_jaya,273.4
klang,klang_lembah_jaya,419.4
klang,klang_lembah_jaya,468.9
klang,klang_lembah_jaya,481.4
klang,klang_lembah_jaya,320.4
klang,klang_lembah_jaya,215.8
klang,klang_lembah_jaya,164.0
klang,klang_lembah_jaya,281.7
klang,klang_lembah_jaya,424.9
klang,klang_lembah_jaya,415.7
klang,klang_lembah_jaya,217.2
klang,klang_lembah_jaya,165.5
klang,klang_lembah_jaya,263.8
klang,klang_lembah_jaya,430.4
klang,klang_lembah_jaya,473.4
klang,klang_lembah_jaya,393.3
klang,klang_lembah_jaya,353.9
klang,klang_pandan_indah,0.0
klang,klang_pandan_indah,0.0
klang,klang_pandan_indah,0.0
klang,klang_pandan_indah,0.0
klang,klang_pandan_indah,5.0
klang,klang_pandan_indah,10.9
klang,klang_pandan_indah,146.9
klang,klang_pandan_indah,245.9
klang,klang_pandan_indah,124.0
klang,klang_pandan_indah,129.3
klang,klang_pandan_indah,166.7
klang,klang_pandan_indah,441.6
klang,klang_pandan_indah,220.6
klang,klang_pandan_indah,157.9
klang,klang_pandan_indah,200.7
klang,klang_pandan_indah,427.3
klang,klang_pandan_indah,671.8
klang,klang_pandan_indah,560.6
klang,klang_pandan_indah,492.9
klang,klang_pandan_indah,693.7
klang,klang_jps_ampang,26.8
klang,klang_jps_ampang,33.2
klang,klang_jps_ampang,62.8
klang,klang_jps_ampang,61.4
klang,klang_jps_ampang,106.3
klang,klang_jps_ampang,140.8
klang,klang_jps_ampang,491.9
klang,klang_jps_ampang,418.4
klang,klang_jps_ampang,166.6
klang,klang_jps_ampang,199.9
klang,klang_jps_ampang,328.2
klang,klang_jps_ampang,308.0
klang,klang_jps_ampang,248.2
klang,klang_jps_ampang,211.1
klang,klang_jps_ampang,168.5
klang,klang_jps_ampang,337.7
klang,klang_jps_ampang,583.7
klang,klang_jps_ampang,810.5
klang,klang_jps_ampang,988.5
klang,klang_jps_ampang,909.2
klang,klang_jps_wilayah,450.8
klang,klang_jps_wilayah,287.8
klang,klang_jps_wilayah,175.5
klang,klang_jps_wilayah,297.1
klang,klang_jps_wilayah,295.2
klang,klang_jps_wilayah,376.8
klang,klang_jps_wilayah,657.5
klang,klang_jps_wilayah,509.0
klang,klang_jps_wilayah,394.8
klang,klang_jps_wilayah,342.5
klang,klang_jps_wilayah,448.6
klang,klang_jps_wilayah,639.4
klang,klang_jps_wilayah,397.7
klang,klang_jps_wilayah,170.3
klang,klang_jps_wilayah,98.6
klang,klang_jps_wilayah,190.1
klang,klang_jps_wilayah,352.1
klang,klang_jps_wilayah,369.8
klang,klang_jps_wilayah,445.7
klang,klang_jps_wilayah,434.5
klang,klang_kg_berembang_smart,36.5
klang,klang_kg_berembang_smart,21.4
klang,klang_kg_berembang_smart,29.0
klang,klang_kg_berembang_smart,105.0
klang,klang_kg_berembang_smart,176.4
klang,klang_kg_berembang_smart,212.9
klang,klang_kg_berembang_smart,150.4
klang,klang_kg_berembang_smart,279.7
klang,klang_kg_berembang_smart,251.7
klang,klang_kg_berembang_smart,245.1
klang,klang_kg_berembang_smart,149.4
klang,klang_kg_berembang_smart,125.7
klang,klang_kg_berembang_smart,72.5
klang,klang_kg_berembang_smart,22.3
klang,klang_kg_berembang_smart,27.8
klang,klang_kg_berembang_smart,131.9
klang,klang_kg_berembang_smart,302.1
klang,klang_kg_berembang_smart,741.3
klang,klang_kg_berembang_smart,594.5
klang,klang_kg_berembang_smart,355.5
klang,klang_kolam_takungan_batu,525.2
klang,klang_kolam_takungan_batu,377.8
klang,klang_kolam_takungan_batu,221.9
klang,klang_kolam_takungan_batu,290.8
klang,klang_kolam_takungan_batu,320.8
klang,klang_kolam_takungan_batu,305.0
klang,klang_kolam_takungan_batu,445.3
klang,klang_kolam_takungan_batu,388.2
klang,klang_kolam_takungan_batu,350.9
klang,klang_kolam_takungan_batu,282.8
klang,klang_kolam_takungan_batu,378.4
klang,klang_kolam_takungan_batu,499.3
klang,klang_kolam_takungan_batu,454.0
klang,klang_kolam_takungan_batu,216.6
klang,klang_kolam_takungan_batu,125.8
klang,klang_kolam_takungan_batu,177.7
klang,klang_kolam_takungan_batu,279.2
klang,klang_kolam_takungan_batu,246.8
klang,klang_kolam_takungan_batu,322.5
klang,klang_kolam_takungan_batu,298.7
klang,klang_ladang_edinburgh,0.3
klang,klang_ladang_edinburgh,1.2
klang,klang_ladang_edinburgh,2.5
klang,klang_ladang_edinburgh,5.2
klang,klang_ladang_edinburgh,42.8
klang,klang_ladang_edinburgh,52.1
klang,klang_ladang_edinburgh,159.7
klang,klang_ladang_edinburgh,365.2
klang,klang_ladang_edinburgh,274.8
klang,klang_ladang_edinburgh,314.4
klang,klang_ladang_edinburgh,304.7
klang,klang_ladang_edinburgh,468.6
klang,klang_ladang_edinburgh,364.6
klang,klang_ladang_edinburgh,279.8
klang,klang_ladang_edinburgh,206.9
klang,klang_ladang_edinburgh,215.1
klang,klang_ladang_edinburgh,501.5
klang,klang_ladang_edinburgh,339.6
klang,klang_ladang_edinburgh,305.8
klang,klang_ladang_edinburgh,749.5
klang,klang_sg_bunus_di_jln_tun_razak,534.0
klang,klang_sg_bunus_di_jln_tun_razak,256.6
klang,klang_sg_bunus_di_jln_tun_razak,212.0
klang,klang_sg_bunus_di_jln_tun_razak,223.1
klang,klang_sg_bunus_di_jln_tun_razak,199.8
klang,klang_sg_bunus_di_jln_tun_razak,164.9
klang,klang_sg_bunus_di_jln_tun_razak,447.8
klang,klang_sg_bunus_di_jln_tun_razak,416.4
klang,klang_sg_bunus_di_jln_tun_razak,399.9
klang,klang_sg_bunus_di_jln_tun_razak,464.0
klang,klang_sg_bunus_di_jln_tun_razak,414.0
klang,klang_sg_bunus_di_jln_tun_razak,520.3
klang,klang_sg_bunus_di_jln_tun_razak,560.2
klang,klang_sg_bunus_di_jln_tun_razak,287.3
klang,klang_sg_bunus_di_jln_tun_razak,105.0
klang,klang_sg_bunus_di_jln_tun_razak,166.9
klang,klang_sg_bunus_di_jln_tun_razak,324.2
klang,klang_sg_bunus_di_jln_tun_razak,221.9
klang,klang_sg_bunus_di_jln_tun_razak,335.4
klang,klang_sg_bunus_di_jln_tun_razak,654.9
klang,klang_sg_kerayong_di_kg_cheras_baru,412.1
klang,klang_sg_kerayong_di_kg_cheras_baru,368.1
klang,klang_sg_kerayong_di_kg_cheras_baru,180.4
klang,klang_sg_kerayong_di_kg_cheras_baru,319.5
klang,klang_sg_kerayong_di_kg_cheras_baru,356.3
klang,klang_sg_kerayong_di_kg_cheras_baru,384.9
klang,klang_sg_kerayong_di_kg_cheras_baru,548.3
klang,klang_sg_kerayong_di_kg_cheras_baru,496.8
klang,klang_sg_kerayong_di_kg_cheras_baru,344.1
klang,klang_sg_kerayong_di_kg_cheras_baru,265.4
klang,klang_sg_kerayong_di_kg_cheras_baru,447.5
klang,klang_sg_kerayong_di_kg_cheras_baru,532.7
klang,klang_sg_kerayong_di_kg_cheras_baru,394.9
klang,klang_sg_kerayong_di_kg_cheras_baru,178.9
klang,klang_sg_kerayong_di_kg_cheras_baru,112.1
klang,klang_sg_kerayong_di_kg_cheras_baru,191.4
klang,klang_sg_kerayong_di_kg_cheras_baru,284.0
klang,klang_sg_kerayong_di_kg_cheras_baru,350.5
klang,klang_sg_kerayong_di_kg_cheras_baru,378.5
klang,klang_sg_kerayong_di_kg_cheras_baru,415.9
klang,klang_sg_klang_di_jambatan_petaling,252.6
klang,klang_sg_klang_di_jambatan_petaling,340.3
klang,klang_sg_klang_di_jambatan_petaling,38.1
klang,klang_sg_klang_di_jambatan_petaling,93.4
klang,klang_sg_klang_di_jambatan_petaling,335.7
klang,klang_sg_klang_di_jambatan_petaling,307.4
klang,klang_sg_klang_di_jambatan_petaling,511.5
klang,klang_sg_klang_di_jambatan_petaling,495.6
klang,klang_sg_klang_di_jambatan_petaling,461.1
klang,klang_sg_klang_di_jambatan_petaling,299.3
klang,klang_sg_klang_di_jambatan_petaling,575.8
klang,klang_sg_klang_di_jambatan_petaling,508.5
klang,klang_sg_klang_di_jambatan_petaling,537.1
klang,klang_sg_klang_di_jambatan_petaling,89.4
klang,klang_sg_klang_di_jambatan_petaling,49.0
klang,klang_sg_klang_di_jambatan_petaling,67.9
klang,klang_sg_klang_di_jambatan_petaling,181.8
klang,klang_sg_klang_di_jambatan_petaling,235.4
klang,klang_sg_klang_di_jambatan_petaling,604.3
klang,klang_sg_klang_di_jambatan_petaling,506.4
klang,klang_sg_klang_di_kg_berembang,171.1
klang,klang_sg_klang_di_kg_berembang,100.7
klang,klang_sg_klang_di_kg_berembang,38.2
klang,klang_sg_klang_di_kg_berembang,95.5
klang,klang_sg_klang_di_kg_berembang,125.8
klang,klang_sg_klang_di_kg_berembang,209.7
klang,klang_sg_klang_di_kg_berembang,351.3
klang,klang_sg_klang_di_kg_berembang,240.8
klang,klang_sg_klang_di_kg_berembang,75.2
klang,klang_sg_klang_di_kg_berembang,68.7
klang,klang_sg_klang_di_kg_berembang,151.9
klang,klang_sg_klang_di_kg_berembang,328.2
klang,klang_sg_klang_di_kg_berembang,189.2
klang,klang_sg_klang_di_kg_berembang,75.1
klang,klang_sg_klang_di_kg_berembang,36.7
klang,klang_sg_klang_di_kg_berembang,83.5
klang,klang_sg_klang_di_kg_berembang,215.5
klang,klang_sg_klang_di_kg_berembang,279.7
klang,klang_sg_klang_di_kg_berembang,301.0
klang,klang_sg_klang_di_kg_berembang,222.3
klang,klang_sg_klang_di_leboh_pasar,416.4
klang,klang_sg_klang_di_leboh_pasar,186.8
klang,klang_sg_klang_di_leboh_pasar,138.4
klang,klang_sg_klang_di_leboh_pasar,180.1
klang,klang_sg_klang_di_leboh_pasar,293.7
klang,klang_sg_klang_di_leboh_pasar,330.5
klang,klang_sg_klang_di_leboh_pasar,730.5
klang,klang_sg_klang_di_leboh_pasar,504.4
klang,klang_sg_klang_di_leboh_pasar,328.8
klang,klang_sg_klang_di_leboh_pasar,369.8
klang,klang_sg_klang_di_leboh_pasar,402.5
klang,klang_sg_klang_di_leboh_pasar,530.3
klang,klang_sg_klang_di_leboh_pasar,417.8
klang,klang_sg_klang_di_leboh_pasar,174.8
klang,klang_sg_klang_di_leboh_pasar,77.7
klang,klang_sg_klang_di_leboh_pasar,136.4
klang,klang_sg_klang_di_leboh_pasar,341.0
klang,klang_sg_klang_di_leboh_pasar,525.1
klang,klang_sg_klang_di_leboh_pasar,609.0
klang,klang_sg_klang_di_leboh_pasar,660.4
klang,klang_sg_klang_di_lembah_keramat,461.2
klang,klang_sg_klang_di_lembah_keramat,284.3
klang,klang_sg_klang_di_lembah_keramat,160.0
klang,klang_sg_klang_di_lembah_keramat,395.5
klang,klang_sg_klang_di_lembah_keramat,432.7
klang,klang_sg_klang_di_lembah_keramat,407.0
klang,klang_sg_klang_di_lembah_keramat,453.5
klang,klang_sg_klang_di_lembah_keramat,358.7
klang,klang_sg_klang_di_lembah_keramat,244.7
klang,klang_sg_klang_di_lembah_keramat,223.0
klang,klang_sg_klang_di_lembah_keramat,406.9
klang,klang_sg_klang_di_lembah_keramat,455.3
klang,klang_sg_klang_di_lembah_keramat,302.1
klang,klang_sg_klang_di_lembah_keramat,95.7
klang,klang_sg_klang_di_lembah_keramat,61.7
klang,klang_sg_klang_di_lembah_keramat,246.0
klang,klang_sg_klang_di_lembah_keramat,522.0
klang,klang_sg_klang_di_lembah_keramat,527.9
klang,klang_sg_klang_di_lembah_keramat,642.8
klang,klang_sg_klang_di_lembah_keramat,328.2
klang,klang_taman_ehsan,162.7
klang,klang_taman_ehsan,118.4
klang,klang_taman_ehsan,84.6
klang,klang_taman_ehsan,135.3
klang,klang_taman_ehsan,294.0
klang,klang_taman_ehsan,196.5
klang,klang_taman_ehsan,174.2
klang,klang_taman_ehsan,204.7
klang,klang_taman_ehsan,151.8
klang,klang_taman_ehsan,209.2
klang,klang_taman_ehsan,267.9
klang,klang_taman_ehsan,301.2
klang,klang_taman_ehsan,286.2
klang,klang_taman_ehsan,150.6
klang,klang_taman_ehsan,78.9
klang,klang_taman_ehsan,187.3
klang,klang_taman_ehsan,270.1
klang,klang_taman_ehsan,335.5
klang,klang_taman_ehsan,358.2
klang,klang_taman_ehsan,230.7
kuantan,kuantan_pasir_kemudi,70.7
kuantan,kuantan_pasir_kemudi,60.5
kuantan,kuantan_pasir_kemudi,94.2
kuantan,kuantan_pasir_kemudi,317.6
kuantan,kuantan_pasir_kemudi,301.1
kuantan,kuantan_pasir_kemudi,305.0
kuantan,kuantan_pasir_kemudi,374.0
kuantan,kuantan_pasir_kemudi,253.3
kuantan,kuantan_pasir_kemudi,311.9
kuantan,kuantan_pasir_kemudi,152.1
kuantan,kuantan_pasir_kemudi,79.9
kuantan,kuantan_pasir_kemudi,58.0
kuantan,kuantan_pasir_kemudi,50.7
kuantan,kuantan_pasir_kemudi,63.4
kuantan,kuantan_pasir_kemudi,110.2
kuantan,kuantan_pasir_kemudi,246.9
kuantan,kuantan_felda_panching,102.0
kuantan,kuantan_felda_panching,69.0
kuantan,kuantan_felda_panching,89.4
kuantan,kuantan_felda_panching,117.9
kuantan,kuantan_felda_panching,144.6
kuantan,kuantan_felda_panching,172.6
kuantan,kuantan_felda_panching,110.6
kuantan,kuantan_felda_panching,56.5
kuantan,kuantan_felda_panching,42.2
kuantan,kuantan_felda_panching,53.8
kuantan,kuantan_felda_panching,66.5
kuantan,kuantan_felda_panching,110.2
kuantan,kuantan_felda_panching,92.6
kuantan,kuantan_felda_panching,78.1
kuantan,kuantan_felda_panching,82.2
kuantan,kuantan_felda_panching,117.8
kuantan,kuantan_komtur,38.4
kuantan,kuantan_komtur,88.6
kuantan,kuantan_komtur,42.6
kuantan,kuantan_komtur,73.4
kuantan,kuantan_komtur,82.4
kuantan,kuantan_komtur,78.5
kuantan,kuantan_komtur,142.1
kuantan,kuantan_komtur,148.1
kuantan,kuantan_komtur,60.2
kuantan,kuantan_komtur,22.1
kuantan,kuantan_komtur,17.0
kuantan,kuantan_komtur,11.0
kuantan,kuantan_komtur,13.8
kuantan,kuantan_komtur,13.6
kuantan,kuantan_komtur,9.0
kuantan,kuantan_komtur,13.2
kuantan,kuantan_komtur,30.1
kuantan,kuantan_sg_belat,167.1
kuantan,kuantan_sg_belat,161.4
kuantan,kuantan_sg_belat,164.2
kuantan,kuantan_sg_belat,211.3
kuantan,kuantan_sg_belat,185.7
kuantan,kuantan_sg_belat,328.6
kuantan,kuantan_sg_belat,322.0
kuantan,kuantan_sg_belat,203.0
kuantan,kuantan_sg_belat,125.7
kuantan,kuantan_sg_belat,113.6
kuantan,kuantan_sg_belat,85.4
kuantan,kuantan_sg_belat,83.7
kuantan,kuantan_sg_belat,81.7
kuantan,kuantan_sg_belat,107.9
kuantan,kuantan_sg_belat,133.8
kuantan,kuantan_sg_belat,138.0
kuantan,kuantan_sg_cherating,85.3
kuantan,kuantan_sg_cherating,53.5
kuantan,kuantan_sg_cherating,149.1
kuantan,kuantan_sg_cherating,91.0
kuantan,kuantan_sg_cherating,113.0
kuantan,kuantan_sg_cherating,197.5
kuantan,kuantan_sg_cherating,169.8
kuantan,kuantan_sg_cherating,323.8
kuantan,kuantan_sg_cherating,476.8
kuantan,kuantan_sg_cherating,229.3
kuantan,kuantan_sg_cherating,59.8
kuantan,kuantan_sg_cherating,40.6
kuantan,kuantan_sg_cherating,61.0
kuantan,kuantan_sg_cherating,93.4
kuantan,kuantan_sg_cherating,160.6
kuantan,kuantan_sg_cherating,89.5
kuantan,kuantan_sg_cherating,214.0
kuantan,kuantan_sg_cherating,405.7
kuantan,kuantan_sg_cherating,296.8
