river,station,period,actual_mm,pred_mm
johor,johor_bukit_besar,2024-05,274.0,133.32811673853772
johor,johor_bukit_besar,2024-06,168.0,123.0963491841965
johor,johor_bukit_besar,2024-07,182.0,119.96035043326168
johor,johor_bukit_besar,2024-08,242.0,116.55696964763682
johor,johor_bukit_besar,2024-09,29.0,119.87082255399987
johor,johor_bukit_besar,2024-10,51.0,114.78756367723328
johor,johor_bukit_besar,2024-11,286.0,132.48771626963688
johor,johor_bukit_besar,2024-12,0.0,126.15193139595351
johor,johor_bukit_besar,2025-01,128.0,104.87005679511472
johor,johor_bukit_besar,2025-02,142.0,96.97893988336091
johor,johor_bukit_besar,2025-03,481.0,108.49980819209476
johor,johor_bukit_besar,2025-04,370.0,112.7966959276035
johor,johor_bukit_besar,2025-05,134.0,130.10972148620536
johor,johor_bukit_besar,2025-06,49.0,121.99171212987275
johor,johor_bukit_besar,2025-07,73.0,119.62194657254831
johor,johor_bukit_besar,2025-08,230.0,113.97050165490558
johor,johor_bukit_besar,2025-09,203.0,112.40177115878083
johor,johor_bukit_besar,2025-10,104.0,112.41880609913949
johor,johor_bukit_besar,2025-11,211.0,126.07816079691467
johor,johor_bukit_besar,2025-12,130.0,115.0653413194435
johor,johor_kg_semanggar,2024-05,330.0,189.5926347306318
johor,johor_kg_semanggar,2024-06,291.0,187.34909083027702
johor,johor_kg_semanggar,2024-07,123.0,186.29779677647076
johor,johor_kg_semanggar,2024-08,281.0,192.38312685188112
johor,johor_kg_semanggar,2024-09,331.0,191.56947563919806
johor,johor_kg_semanggar,2024-10,96.0,188.8192805474829
johor,johor_kg_semanggar,2024-11,501.0,206.85508870657623
johor,johor_kg_semanggar,2024-12,161.0,205.28755876250682
johor,johor_kg_semanggar,2025-01,391.0,207.84457183151412
johor,johor_kg_semanggar,2025-02,147.0,200.18145098965218
johor,johor_kg_semanggar,2025-03,577.0,198.6613225443426
johor,johor_kg_semanggar,2025-04,279.0,193.4899030908405
johor,johor_kg_semanggar,2025-05,125.0,190.25292237443261
johor,johor_kg_semanggar,2025-06,96.0,186.54378813378494
johor,johor_kg_semanggar,2025-07,136.0,184.85006992653996
johor,johor_kg_semanggar,2025-08,179.0,190.3190355858669
johor,johor_kg_semanggar,2025-09,391.0,190.80972469652409
johor,johor_kg_semanggar,2025-10,80.0,187.18140630769102
johor,johor_kg_semanggar,2025-11,250.0,201.14589635767823
johor,johor_kg_semanggar,2025-12,173.0,206.2280559327308
johor,johor_ladang_lim_lim,2024-05,339.0,74.25156929206102
johor,johor_ladang_lim_lim,2024-06,97.0,46.005206250619054
johor,johor_ladang_lim_lim,2024-07,135.0,32.67455051623051
johor,johor_ladang_lim_lim,2024-08,262.0,67.36239342588065
johor,johor_ladang_lim_lim,2024-09,443.0,119.66933634927317
johor,johor_ladang_lim_lim,2024-10,287.0,109.87735311978881
johor,johor_ladang_lim_lim,2024-11,448.0,411.5215993623076
johor,johor_ladang_lim_lim,2024-12,159.0,329.0918676911367
johor,johor_ladang_lim_lim,2025-01,523.0,206.23833290495017
johor,johor_ladang_lim_lim,2025-02,79.0,152.7332900785705
johor,johor_ladang_lim_lim,2025-03,807.0,148.35638506623386
johor,johor_ladang_lim_lim,2025-04,274.0,185.0243001609386
johor,johor_ladang_lim_lim,2025-05,180.0,102.03698911600753
johor,johor_ladang_lim_lim,2025-06,216.0,39.59719809737784
johor,johor_ladang_lim_lim,2025-07,210.0,35.24713986947717
johor,johor_ladang_lim_lim,2025-08,83.0,63.78735328635506
johor,johor_ladang_lim_lim,2025-09,271.0,78.96096709074237
johor,johor_ladang_lim_lim,2025-10,113.0,103.54349359628837
johor,johor_ladang_lim_lim,2025-11,128.0,223.32846657195955
johor,johor_ladang_lim_lim,2025-12,85.0,230.13313688155995
johor,johor_ladang_nam_heng,2024-06,154.0,178.91798241582205
johor,johor_ladang_nam_heng,2024-07,123.0,149.43939861559744
johor,johor_ladang_nam_heng,2024-08,204.0,179.78596030068056
johor,johor_ladang_nam_heng,2024-09,239.0,205.06897699266398
johor,johor_ladang_nam_heng,2024-10,79.0,170.66052614715198
johor,johor_ladang_nam_heng,2024-11,358.0,473.50177342369574
johor,johor_ladang_nam_heng,2024-12,133.0,362.90541523730496
johor,johor_ladang_nam_heng,2025-01,438.0,249.9093376471652
johor,johor_ladang_nam_heng,2025-02,96.0,130.52562574088648
johor,johor_ladang_nam_heng,2025-03,611.0,199.32640886306893
johor,johor_ladang_nam_heng,2025-04,285.0,182.2132602824438
johor,johor_ladang_nam_heng,2025-05,115.0,234.02959858953713
johor,johor_ladang_nam_heng,2025-06,152.0,156.03783665919502
johor,johor_ladang_nam_heng,2025-07,184.0,133.20286624684198
johor,johor_ladang_nam_heng,2025-08,105.0,149.41965327250915
johor,johor_ladang_nam_heng,2025-09,270.0,164.18181250869497
johor,johor_ladang_nam_heng,2025-10,108.0,145.07211026944603
johor,johor_ladang_nam_heng,2025-11,152.0,319.1638279288574
johor,johor_ladang_nam_heng,2025-12,510.0,292.37590962128485
johor,johor_ladang_pekan,2024-05,349.0,93.44877319340682
johor,johor_ladang_pekan,2024-06,204.0,91.05854737594836
johor,johor_ladang_pekan,2024-07,98.0,88.72638706403528
johor,johor_ladang_pekan,2024-08,303.0,93.40054749643183
johor,johor_ladang_pekan,2024-09,0.0,96.3532770282128
johor,johor_ladang_pekan,2024-10,7.0,97.0521242201368
johor,johor_ladang_pekan,2024-11,309.0,110.30679592534813
johor,johor_ladang_pekan,2024-12,128.0,106.06971826626226
johor,johor_ladang_pekan,2025-01,237.0,96.3402023517469
johor,johor_ladang_pekan,2025-02,149.0,87.33694242440617
johor,johor_ladang_pekan,2025-03,282.0,89.16632200685608
johor,johor_ladang_pekan,2025-04,399.0,90.33373000214944
johor,johor_ladang_pekan,2025-05,195.0,92.31995241519239
johor,johor_ladang_pekan,2025-06,137.0,88.08310431848007
johor,johor_ladang_pekan,2025-07,141.0,86.6251244694182
johor,johor_ladang_pekan,2025-08,144.0,90.55823383090043
johor,johor_ladang_pekan,2025-09,189.0,93.91848462939919
johor,johor_ladang_pekan,2025-10,34.0,92.38518684289065
johor,johor_ladang_pekan,2025-11,157.0,104.50780018647758
johor,johor_ladang_pekan,2025-12,159.5,99.9928062381767
johor,johor_ladang_sedenak,2024-05,85.0,216.85186949021335
johor,johor_ladang_sedenak,2024-06,130.0,166.57935518826937
johor,johor_ladang_sedenak,2024-07,46.0,151.20866063703443
johor,johor_ladang_sedenak,2024-08,324.0,173.26770944624536
johor,johor_ladang_sedenak,2024-09,119.0,199.86712405712956
johor,johor_ladang_sedenak,2024-10,76.0,171.10054226173855
johor,johor_ladang_sedenak,2024-11,222.0,287.7308596796881
johor,johor_ladang_sedenak,2024-12,194.0,239.76650793645655
johor,johor_ladang_sedenak,2025-01,283.0,166.8005151585029
johor,johor_ladang_sedenak,2025-02,149.0,120.73547827468455
johor,johor_ladang_sedenak,2025-03,498.0,161.41647208885257
johor,johor_ladang_sedenak,2025-04,351.0,178.27891747764667
johor,johor_ladang_sedenak,2025-05,208.0,206.24724349925913
johor,johor_ladang_sedenak,2025-06,58.5,149.92541676318442
johor,johor_ladang_sedenak,2025-07,51.0,134.5287931103304
johor,johor_ladang_sedenak,2025-08,104.0,152.08730706486196
johor,johor_ladang_sedenak,2025-09,154.0,166.93357030218027
johor,johor_ladang_sedenak,2025-10,51.0,151.99087794524715
johor,johor_ladang_sedenak,2025-11,157.0,223.91417064827448
johor,johor_ladang_sedenak,2025-12,144.0,187.97473408030507
johor,johor_layang_layang,2024-05,395.0,242.39081981767694
johor,johor_layang_layang,2024-06,124.0,244.12417524822774
johor,johor_layang_layang,2024-07,87.0,115.6090310814467
johor,johor_layang_layang,2024-08,250.0,108.32952893562185
johor,johor_layang_layang,2024-09,165.0,259.8055078164017
johor,johor_layang_layang,2024-10,305.0,213.95809260814656
johor,johor_layang_layang,2024-11,207.0,367.12673285960824
johor,johor_layang_layang,2024-12,100.0,126.20058603039423
johor,johor_layang_layang,2025-01,253.0,43.17318725356735
johor,johor_layang_layang,2025-02,71.0,60.21532840476519
johor,johor_layang_layang,2025-03,411.0,60.142627197727236
johor,johor_layang_layang,2025-04,308.0,232.5912372756039
johor,johor_layang_layang,2025-05,55.0,247.0933615170442
johor,johor_layang_layang,2025-06,41.0,74.5767166988986
johor,johor_layang_layang,2025-07,35.0,67.94022437185184
johor,johor_layang_layang,2025-08,107.0,70.42715571062313
johor,johor_layang_layang,2025-09,187.0,130.9917348572013
johor,johor_layang_layang,2025-10,32.0,174.8486676786639
johor,johor_layang_layang,2025-11,100.0,96.42784485432743
johor,johor_layang_layang,2025-12,88.0,69.92882078302638
johor,johor_lepau,2024-07,97.0,32.41146576634739
johor,johor_lepau,2024-08,137.0,120.48456137022538
johor,johor_lepau,2024-09,258.0,106.4854182324794
johor,johor_lepau,2024-10,231.0,91.0858754195042
johor,johor_lepau,2024-11,499.0,462.01235697710547
johor,johor_lepau,2024-12,89.0,464.5034463780627
johor,johor_lepau,2025-01,513.0,564.20772628203
johor,johor_lepau,2025-02,62.0,126.60664260783912
johor,johor_lepau,2025-03,278.0,367.4731599361939
johor,johor_lepau,2025-06,102.0,73.31064124772811
johor,johor_lepau,2025-07,124.0,38.35650890387061
johor,johor_lepau,2025-08,44.0,74.98819619253797
johor,johor_lepau,2025-09,0.0,98.02953972732153
johor,johor_lepau,2025-10,0.0,46.1710360910612
johor,johor_lepau,2025-11,275.0,254.64248259160715
johor,johor_lepau,2025-12,182.0,301.7934413488163
johor,johor_pasak,2024-05,210.0,44.50005447071805
johor,johor_pasak,2024-06,72.0,32.261022981400025
johor,johor_pasak,2024-07,1.0,24.52539871750884
johor,johor_pasak,2024-08,39.0,22.833512184217316
johor,johor_pasak,2024-09,9.0,30.214708291258844
johor,johor_pasak,2024-10,58.0,25.857554646699487
johor,johor_pasak,2024-11,221.0,89.65278999050562
johor,johor_pasak,2024-12,104.0,116.71319759552095
johor,johor_pasak,2025-01,655.0,145.826080482223
johor,johor_pasak,2025-02,339.0,127.36884984643154
johor,johor_pasak,2025-03,764.0,101.76706072799485
johor,johor_pasak,2025-04,845.0,86.2491805968651
johor,johor_pasak,2025-05,0.0,57.25431292310999
johor,johor_pasak,2025-06,3.0,18.3010950711213
johor,johor_pasak,2025-07,28.0,16.28514961804752
johor,johor_pasak,2025-08,57.0,25.48998029828843
johor,johor_pasak,2025-09,263.0,27.73802036838998
johor,johor_pasak,2025-10,127.0,34.80523284454056
johor,johor_pasak,2025-11,142.0,67.37192107478496
johor,johor_pasak,2025-12,109.5,129.1860115605336
johor,johor_sg_johor_di_kota_tinggi,2024-05,493.0,235.7612823421931
johor,johor_sg_johor_di_kota_tinggi,2024-06,148.0,66.5982119303827
johor,johor_sg_johor_di_kota_tinggi,2024-07,13.0,85.40540672577016
johor,johor_sg_johor_di_kota_tinggi,2024-08,323.0,113.42348789101878
johor,johor_sg_johor_di_kota_tinggi,2024-09,225.0,220.3532971244826
johor,johor_sg_johor_di_kota_tinggi,2024-10,223.0,179.86716658697966
johor,johor_sg_johor_di_kota_tinggi,2024-11,275.0,351.68907304956394
johor,johor_sg_johor_di_kota_tinggi,2024-12,128.0,461.5632850834697
johor,johor_sg_johor_di_kota_tinggi,2025-01,524.0,408.12474724817105
johor,johor_sg_johor_di_kota_tinggi,2025-02,89.0,131.27430261743956
johor,johor_sg_johor_di_kota_tinggi,2025-03,608.0,346.269849942361
johor,johor_sg_johor_di_kota_tinggi,2025-04,325.0,129.80038203749305
johor,johor_sg_johor_di_kota_tinggi,2025-05,136.0,133.6091263565589
johor,johor_sg_johor_di_kota_tinggi,2025-06,96.0,61.51216185242876
johor,johor_sg_johor_di_kota_tinggi,2025-07,164.0,53.21600455528208
johor,johor_sg_johor_di_kota_tinggi,2025-08,116.0,86.30385138677798
johor,johor_sg_johor_di_kota_tinggi,2025-09,359.0,171.75371200842898
johor,johor_sg_johor_di_kota_tinggi,2025-10,202.0,103.06745428148409
johor,johor_sg_johor_di_kota_tinggi,2025-11,224.0,254.47056509389506
johor,johor_sg_johor_di_kota_tinggi,2025-12,252.0,236.5001968091317
johor,johor_sg_linggiu_di_linggiu,2024-06,94.0,35.83705331584004
johor,johor_sg_linggiu_di_linggiu,2024-07,203.0,50.23321717709441
johor,johor_sg_linggiu_di_linggiu,2024-08,321.0,114.36539782639612
johor,johor_sg_linggiu_di_linggiu,2024-09,186.0,142.77321770450547
johor,johor_sg_linggiu_di_linggiu,2024-10,132.0,180.87561186022245
johor,johor_sg_linggiu_di_linggiu,2024-11,338.0,269.8829860174414
johor,johor_sg_linggiu_di_linggiu,2024-12,109.0,246.5733959584563
johor,johor_sg_linggiu_di_linggiu,2025-01,354.0,78.5528038766494
johor,johor_sg_linggiu_di_linggiu,2025-02,119.0,129.10277632646995
johor,johor_sg_linggiu_di_linggiu,2025-03,376.0,167.8023478299169
johor,johor_sg_linggiu_di_linggiu,2025-04,38.0,390.4964250267108
johor,johor_sg_linggiu_di_linggiu,2025-05,177.0,190.2613318975575
johor,johor_sg_linggiu_di_linggiu,2025-06,147.0,168.81763137183103
johor,johor_sg_linggiu_di_linggiu,2025-07,58.0,92.63610820884325
johor,johor_sg_linggiu_di_linggiu,2025-08,130.0,98.20340119859998
johor,johor_sg_linggiu_di_linggiu,2025-09,293.0,131.08826604862713
johor,johor_sg_linggiu_di_linggiu,2025-10,37.0,173.97380884924343
johor,johor_sg_linggiu_di_linggiu,2025-11,43.0,168.64453717942277
johor,johor_sg_linggiu_di_linggiu,2025-12,5.0,83.33036914365776
johor,johor_sg_siam_di_kg_sg_siam,2024-06,161.0,77.43340388280733
johor,johor_sg_siam_di_kg_sg_siam,2024-07,119.0,96.15314517556946
johor,johor_sg_siam_di_kg_sg_siam,2024-08,258.0,141.55012663255283
johor,johor_sg_siam_di_kg_sg_siam,2024-09,170.0,142.85443695897663
johor,johor_sg_siam_di_kg_sg_siam,2024-10,160.0,141.64744681345306
johor,johor_sg_siam_di_kg_sg_siam,2024-11,241.0,308.31398225134586
johor,johor_sg_siam_di_kg_sg_siam,2024-12,142.0,180.52074032495673
johor,johor_sg_siam_di_kg_sg_siam,2025-01,253.0,167.7134289741875
johor,johor_sg_siam_di_kg_sg_siam,2025-02,119.0,179.96688064468947
johor,johor_sg_siam_di_kg_sg_siam,2025-03,300.0,217.90079988649217
johor,johor_sg_siam_di_kg_sg_siam,2025-04,332.0,254.01209287813896
johor,johor_sg_siam_di_kg_sg_siam,2025-05,99.0,188.05743181148395
johor,johor_sg_siam_di_kg_sg_siam,2025-06,61.0,115.20621079029276
johor,johor_sg_siam_di_kg_sg_siam,2025-07,48.0,78.65097532315096
johor,johor_sg_siam_di_kg_sg_siam,2025-08,135.0,118.6596592550547
johor,johor_sg_siam_di_kg_sg_siam,2025-09,193.0,142.65682583667203
johor,johor_sg_siam_di_kg_sg_siam,2025-10,68.0,127.79630717830932
johor,johor_sg_siam_di_kg_sg_siam,2025-11,132.0,211.54533170457267
johor,johor_sg_siam_di_kg_sg_siam,2025-12,130.0,184.67650776473096
johor,johor_sg_siku_di_kg_murni_jaya,2024-07,59.0,43.5204029584207
johor,johor_sg_siku_di_kg_murni_jaya,2024-08,284.0,108.12068814537622
johor,johor_sg_siku_di_kg_murni_jaya,2024-09,143.0,177.08604569054884
johor,johor_sg_siku_di_kg_murni_jaya,2024-10,313.0,140.0211243888259
johor,johor_sg_siku_di_kg_murni_jaya,2024-11,239.0,292.76284387996077
johor,johor_sg_siku_di_kg_murni_jaya,2024-12,131.0,215.46601472686655
johor,johor_sg_siku_di_kg_murni_jaya,2025-01,257.0,130.91868639889918
johor,johor_sg_siku_di_kg_murni_jaya,2025-02,108.0,100.85787788478343
johor,johor_sg_siku_di_kg_murni_jaya,2025-03,386.0,91.5310108138516
johor,johor_sg_siku_di_kg_murni_jaya,2025-04,240.0,132.57797147434388
johor,johor_sg_siku_di_kg_murni_jaya,2025-05,165.0,126.67499471463275
johor,johor_sg_siku_di_kg_murni_jaya,2025-06,50.0,97.7610671663678
johor,johor_sg_siku_di_kg_murni_jaya,2025-07,70.0,75.99014264703254
johor,johor_sg_siku_di_kg_murni_jaya,2025-08,49.0,97.99865766990762
johor,johor_sg_siku_di_kg_murni_jaya,2025-09,242.0,104.04102845825038
johor,johor_sg_siku_di_kg_murni_jaya,2025-10,51.0,136.4028484930425
johor,johor_sg_siku_di_kg_murni_jaya,2025-11,117.0,149.2941596925396
johor,johor_sg_siku_di_kg_murni_jaya,2025-12,124.0,155.98681736140813
johor,johor_sg_tiram_di_klinik_kesihatan_ulu_tiram,2024-07,88.0,33.19409906655435
johor,johor_sg_tiram_di_klinik_kesihatan_ulu_tiram,2024-08,226.0,116.81203527726767
johor,johor_sg_tiram_di_klinik_kesihatan_ulu_tiram,2024-09,177.0,182.0347571254876
johor,johor_sg_tiram_di_klinik_kesihatan_ulu_tiram,2024-10,170.0,132.97698666940337
johor,johor_sg_tiram_di_klinik_kesihatan_ulu_tiram,2024-11,564.0,368.7435612904156
johor,johor_sg_tiram_di_klinik_kesihatan_ulu_tiram,2024-12,117.0,414.27334016154
johor,johor_sg_tiram_di_klinik_kesihatan_ulu_tiram,2025-01,360.0,146.10367102923024
johor,johor_sg_tiram_di_klinik_kesihatan_ulu_tiram,2025-02,79.0,103.86068887199501
johor,johor_sg_tiram_di_klinik_kesihatan_ulu_tiram,2025-03,750.0,110.51763481070044
johor,johor_sg_tiram_di_klinik_kesihatan_ulu_tiram,2025-04,385.0,222.0898844856483
johor,johor_sg_tiram_di_klinik_kesihatan_ulu_tiram,2025-05,126.0,173.42992514397213
johor,johor_sg_tiram_di_klinik_kesihatan_ulu_tiram,2025-06,132.0,74.94929440942143
johor,johor_sg_tiram_di_klinik_kesihatan_ulu_tiram,2025-07,64.0,63.81266690446745
johor,johor_sg_tiram_di_klinik_kesihatan_ulu_tiram,2025-08,0.0,92.88580399077446
johor,johor_sg_tiram_di_klinik_kesihatan_ulu_tiram,2025-09,136.0,64.67338761496094
johor,johor_sg_tiram_di_klinik_kesihatan_ulu_tiram,2025-10,118.0,106.64397122334181
johor,johor_sg_tiram_di_klinik_kesihatan_ulu_tiram,2025-11,56.0,238.91667092551918
johor,johor_sg_tiram_di_klinik_kesihatan_ulu_tiram,2025-12,63.0,153.39726951843195
johor,johor_ulu_sebol,2024-07,148.0,55.33526433929251
johor,johor_ulu_sebol,2024-08,226.0,79.0977270077514
johor,johor_ulu_sebol,2024-09,0.0,88.11901858164357
johor,johor_ulu_sebol,2024-10,17.0,72.00660824031714
johor,johor_ulu_sebol,2024-11,480.0,209.92957647325886
johor,johor_ulu_sebol,2024-12,103.0,178.97014187003586
johor,johor_ulu_sebol,2025-01,277.0,162.67944953418382
johor,johor_ulu_sebol,2025-02,161.0,106.5284648848663
johor,johor_ulu_sebol,2025-03,328.0,144.11364870475202
johor,johor_ulu_sebol,2025-04,308.0,143.07124805596365
johor,johor_ulu_sebol,2025-05,179.0,130.4412419001314
johor,johor_ulu_sebol,2025-06,139.0,76.23933876318438
johor,johor_ulu_sebol,2025-07,85.0,54.94378067270378
johor,johor_ulu_sebol,2025-08,260.0,68.10845832552974
johor,johor_ulu_sebol,2025-09,208.0,73.28112370975735
johor,johor_ulu_sebol,2025-10,61.0,74.78176531267998
johor,johor_ulu_sebol,2025-11,204.0,156.27879114884317
johor,johor_ulu_sebol,2025-12,84.0,165.28312215983493
kedah,kedah_felcra_sebapin,2024-05,445.0,196.8258445670147
kedah,kedah_felcra_sebapin,2024-06,297.0,146.39300794211292
kedah,kedah_felcra_sebapin,2024-07,122.0,125.00058154232049
kedah,kedah_felcra_sebapin,2024-08,206.5,205.61970083803044
kedah,kedah_felcra_sebapin,2024-09,490.0,209.58775386558818
kedah,kedah_felcra_sebapin,2024-10,701.0,199.14139381140296
kedah,kedah_felcra_sebapin,2024-11,569.5,234.88080720430537
kedah,kedah_felcra_sebapin,2024-12,92.5,122.94386799076081
kedah,kedah_felcra_sebapin,2025-01,90.5,42.982385118830784
kedah,kedah_felcra_sebapin,2025-02,10.0,34.10397479263039
kedah,kedah_felcra_sebapin,2025-03,172.5,79.14849214243688
kedah,kedah_felcra_sebapin,2025-04,216.5,140.18249840206477
kedah,kedah_felcra_sebapin,2025-05,538.5,189.7980102583532
kedah,kedah_felcra_sebapin,2025-06,185.5,122.30106091995995
kedah,kedah_felcra_sebapin,2025-07,97.0,85.13527815601297
kedah,kedah_felcra_sebapin,2025-08,366.0,128.823424173912
kedah,kedah_felcra_sebapin,2025-09,362.0,147.19141725605914
kedah,kedah_felcra_sebapin,2025-10,319.5,188.67546834795502
kedah,kedah_felcra_sebapin,2025-11,182.5,219.89842774886827
kedah,kedah_felcra_sebapin,2025-12,62.0,44.590066216653156
kedah,kedah_sek_keb_felda_bukit_tangga,2024-05,281.0,137.75131148608986
kedah,kedah_sek_keb_felda_bukit_tangga,2024-06,260.5,118.69824776468386
kedah,kedah_sek_keb_felda_bukit_tangga,2024-07,105.5,83.97304014735369
kedah,kedah_sek_keb_felda_bukit_tangga,2024-08,241.0,210.65891665761762
kedah,kedah_sek_keb_felda_bukit_tangga,2024-09,581.0,246.94729017506572
kedah,kedah_sek_keb_felda_bukit_tangga,2024-10,163.5,273.25582358780014
kedah,kedah_sek_keb_felda_bukit_tangga,2024-11,465.0,331.6288154897745
kedah,kedah_sek_keb_felda_bukit_tangga,2024-12,62.0,164.69293749942793
kedah,kedah_sek_keb_felda_bukit_tangga,2025-01,143.0,48.08507377331053
kedah,kedah_sek_keb_felda_bukit_tangga,2025-02,52.0,30.277111413375085
kedah,kedah_sek_keb_felda_bukit_tangga,2025-03,214.0,69.48738817063564
kedah,kedah_sek_keb_felda_bukit_tangga,2025-04,835.0,140.97444597744527
kedah,kedah_sek_keb_felda_bukit_tangga,2025-05,357.5,211.75801973327466
kedah,kedah_sek_keb_felda_bukit_tangga,2025-06,124.0,110.41949402260641
kedah,kedah_sek_keb_felda_bukit_tangga,2025-07,87.5,60.73834988507967
kedah,kedah_sek_keb_felda_bukit_tangga,2025-08,248.5,137.56610651697628
kedah,kedah_sek_keb_felda_bukit_tangga,2025-09,304.5,174.28759784826
kedah,kedah_sek_keb_felda_bukit_tangga,2025-10,219.0,253.79111078687868
kedah,kedah_sek_keb_felda_bukit_tangga,2025-11,651.0,325.92200361537573
kedah,kedah_sek_keb_felda_bukit_tangga,2025-12,70.0,52.38159171424726
kedah,kedah_sek_keb_kampung_bukit,2024-05,384.0,196.50058043111164
kedah,kedah_sek_keb_kampung_bukit,2024-06,223.5,204.83190337667787
kedah,kedah_sek_keb_kampung_bukit,2024-07,74.5,133.5332018844062
kedah,kedah_sek_keb_kampung_bukit,2024-08,208.0,130.70938655336448
kedah,kedah_sek_keb_kampung_bukit,2024-09,789.5,169.3530018636621
kedah,kedah_sek_keb_kampung_bukit,2024-10,625.5,458.86579039158926
kedah,kedah_sek_keb_kampung_bukit,2024-11,578.5,266.68131974693017
kedah,kedah_sek_keb_kampung_bukit,2024-12,232.5,140.50861290948203
kedah,kedah_sek_keb_kampung_bukit,2025-01,208.5,25.689994328167145
kedah,kedah_sek_keb_kampung_bukit,2025-02,40.5,21.485443374877473
kedah,kedah_sek_keb_kampung_bukit,2025-03,348.0,32.728304079686474
kedah,kedah_sek_keb_kampung_bukit,2025-04,440.0,123.02290573042116
kedah,kedah_sek_keb_kampung_bukit,2025-05,284.0,186.45725757573618
kedah,kedah_sek_keb_kampung_bukit,2025-06,147.0,118.11354998659218
kedah,kedah_sek_keb_kampung_bukit,2025-07,127.0,57.70588751176241
kedah,kedah_sek_keb_kampung_bukit,2025-08,283.5,81.62172775040122
kedah,kedah_sek_keb_kampung_bukit,2025-09,261.5,128.59718373505288
kedah,kedah_sek_keb_kampung_bukit,2025-10,3152.5,133.07126562532423
kedah,kedah_sek_keb_kampung_bukit,2025-11,451.0,2979.9579870417283
kedah,kedah_sek_keb_kampung_bukit,2025-12,43.0,37.612521053455886
kedah,kedah_sek_keb_lamdin,2024-05,220.0,240.8755408144651
kedah,kedah_sek_keb_lamdin,2024-06,110.0,162.7013275941629
kedah,kedah_sek_keb_lamdin,2024-07,49.5,84.9916029162967
kedah,kedah_sek_keb_lamdin,2024-08,82.5,209.3575173106633
kedah,kedah_sek_keb_lamdin,2024-09,534.5,234.7506840108786
kedah,kedah_sek_keb_lamdin,2024-10,400.0,357.5142383052153
kedah,kedah_sek_keb_lamdin,2024-11,283.5,317.03601772384263
kedah,kedah_sek_keb_lamdin,2024-12,53.0,128.1701200252863
kedah,kedah_sek_keb_lamdin,2025-01,102.5,35.89290639774554
kedah,kedah_sek_keb_lamdin,2025-04,199.5,195.760864903404
kedah,kedah_sek_keb_lamdin,2025-05,208.0,244.93024401344044
kedah,kedah_sek_keb_lamdin,2025-06,178.5,128.92657907283223
kedah,kedah_sek_keb_lamdin,2025-07,98.5,63.18000450226921
kedah,kedah_sek_keb_lamdin,2025-08,126.5,126.16782618682137
kedah,kedah_sek_keb_lamdin,2025-09,164.0,205.87606180229142
kedah,kedah_sek_keb_lamdin,2025-10,534.5,267.60143594237525
kedah,kedah_sek_keb_lamdin,2025-11,253.5,289.847199839749
kedah,kedah_sek_keb_lamdin,2025-12,33.5,38.33271889276041
kedah,kedah_sg_badak_di_akademi_binaan_malaysia_abm,2024-05,258.0,658.753136660134
kedah,kedah_sg_badak_di_akademi_binaan_malaysia_abm,2024-06,268.0,193.84492730351366
kedah,kedah_sg_badak_di_akademi_binaan_malaysia_abm,2024-07,121.5,100.39214909981095
kedah,kedah_sg_badak_di_akademi_binaan_malaysia_abm,2024-08,316.5,204.78186207687418
kedah,kedah_sg_badak_di_akademi_binaan_malaysia_abm,2024-09,490.0,302.4382669653352
kedah,kedah_sg_badak_di_akademi_binaan_malaysia_abm,2024-10,553.0,361.15789469712416
kedah,kedah_sg_badak_di_akademi_binaan_malaysia_abm,2024-11,657.0,955.9691503467278
kedah,kedah_sg_badak_di_akademi_binaan_malaysia_abm,2024-12,108.5,567.9118562184036
kedah,kedah_sg_badak_di_akademi_binaan_malaysia_abm,2025-01,132.5,30.38358524633854
kedah,kedah_sg_badak_di_akademi_binaan_malaysia_abm,2025-02,29.5,31.004755450178415
kedah,kedah_sg_badak_di_akademi_binaan_malaysia_abm,2025-03,205.0,65.74487381255433
kedah,kedah_sg_badak_di_akademi_binaan_malaysia_abm,2025-04,259.0,222.73057609297123
kedah,kedah_sg_badak_di_akademi_binaan_malaysia_abm,2025-05,473.5,415.05953837098093
kedah,kedah_sg_badak_di_akademi_binaan_malaysia_abm,2025-06,159.0,160.48915852077099
kedah,kedah_sg_badak_di_akademi_binaan_malaysia_abm,2025-07,155.0,31.165647676523555
kedah,kedah_sg_badak_di_akademi_binaan_malaysia_abm,2025-08,309.0,78.98462592001064
kedah,kedah_sg_badak_di_akademi_binaan_malaysia_abm,2025-09,386.5,152.12947095953052
kedah,kedah_sg_badak_di_akademi_binaan_malaysia_abm,2025-10,364.5,281.48258286052885
kedah,kedah_sg_badak_di_akademi_binaan_malaysia_abm,2025-11,647.0,433.25244804825866
kedah,kedah_sg_badak_di_akademi_binaan_malaysia_abm,2025-12,79.0,68.32082194191625
kedah,kedah_sg_durian_burung_di_durian_burung,2024-05,264.0,243.10748185058813
kedah,kedah_sg_durian_burung_di_durian_burung,2024-06,122.5,198.86118700582657
kedah,kedah_sg_durian_burung_di_durian_burung,2024-07,68.0,148.7271325633384
kedah,kedah_sg_durian_burung_di_durian_burung,2024-08,352.0,235.5925750454699
kedah,kedah_sg_durian_burung_di_durian_burung,2024-09,593.5,238.57538663734113
kedah,kedah_sg_durian_burung_di_durian_burung,2024-10,789.0,241.2986082473241
kedah,kedah_sg_durian_burung_di_durian_burung,2024-11,760.5,305.05218465218024
kedah,kedah_sg_durian_burung_di_durian_burung,2024-12,57.0,171.1050843614219
kedah,kedah_sg_durian_burung_di_durian_burung,2025-01,124.5,57.082499408408914
kedah,kedah_sg_durian_burung_di_durian_burung,2025-02,218.5,47.14932517483436
kedah,kedah_sg_durian_burung_di_durian_burung,2025-03,3.5,89.61244558324577
kedah,kedah_sg_durian_burung_di_durian_burung,2025-04,332.0,158.05459027425815
kedah,kedah_sg_durian_burung_di_durian_burung,2025-05,385.0,247.75738870744146
kedah,kedah_sg_durian_burung_di_durian_burung,2025-06,222.5,170.4887350733249
kedah,kedah_sg_durian_burung_di_durian_burung,2025-07,62.0,109.1929268587821
kedah,kedah_sg_durian_burung_di_durian_burung,2025-08,217.5,151.02042992586078
kedah,kedah_sg_durian_burung_di_durian_burung,2025-09,371.5,181.92633294967058
kedah,kedah_sg_durian_burung_di_durian_burung,2025-10,462.5,226.00427962489707
kedah,kedah_sg_durian_burung_di_durian_burung,2025-11,591.5,267.59251886274143
kedah,kedah_sg_durian_burung_di_durian_burung,2025-12,116.5,60.90903495990488
kedah,kedah_sg_padang_sanai_di_padang_sanai,2024-05,366.5,133.78977108980794
kedah,kedah_sg_padang_sanai_di_padang_sanai,2024-06,223.0,110.0166823445208
kedah,kedah_sg_padang_sanai_di_padang_sanai,2024-07,82.0,77.78435468856574
kedah,kedah_sg_padang_sanai_di_padang_sanai,2024-08,274.5,124.29739311788973
kedah,kedah_sg_padang_sanai_di_padang_sanai,2024-09,516.5,174.4065155967447
kedah,kedah_sg_padang_sanai_di_padang_sanai,2024-10,652.0,201.53414642711812
kedah,kedah_sg_padang_sanai_di_padang_sanai,2024-11,655.0,281.2231556260584
kedah,kedah_sg_padang_sanai_di_padang_sanai,2024-12,56.5,152.4468809515808
kedah,kedah_sg_padang_sanai_di_padang_sanai,2025-01,97.0,34.60404654275206
kedah,kedah_sg_padang_sanai_di_padang_sanai,2025-02,22.5,27.854836904557533
kedah,kedah_sg_padang_sanai_di_padang_sanai,2025-03,141.0,46.81115063922222
kedah,kedah_sg_padang_sanai_di_padang_sanai,2025-04,392.5,96.92154696192917
kedah,kedah_sg_padang_sanai_di_padang_sanai,2025-05,354.0,146.92769701649337
kedah,kedah_sg_padang_sanai_di_padang_sanai,2025-06,148.5,105.16498525889125
kedah,kedah_sg_padang_sanai_di_padang_sanai,2025-07,190.0,57.653321741310194
kedah,kedah_sg_padang_sanai_di_padang_sanai,2025-08,151.5,110.77739985340135
kedah,kedah_sg_padang_sanai_di_padang_sanai,2025-09,202.0,112.89918837994087
kedah,kedah_sg_padang_sanai_di_padang_sanai,2025-11,351.0,97.97508880246195
kedah,kedah_sg_padang_sanai_di_padang_sanai,2025-12,106.0,45.29457669630102
kedah,kedah_sg_padang_terap_di_kepala_batas,2024-05,442.5,195.8605910489881
kedah,kedah_sg_padang_terap_di_kepala_batas,2024-06,329.5,158.57212130044095
kedah,kedah_sg_padang_terap_di_kepala_batas,2024-07,149.0,96.72867319426513
kedah,kedah_sg_padang_terap_di_kepala_batas,2024-08,272.0,325.67420032519715
kedah,kedah_sg_padang_terap_di_kepala_batas,2024-09,497.0,281.78714497440683
kedah,kedah_sg_padang_terap_di_kepala_batas,2024-10,442.0,280.5835923975045
kedah,kedah_sg_padang_terap_di_kepala_batas,2024-11,494.0,273.1413284713193
kedah,kedah_sg_padang_terap_di_kepala_batas,2024-12,130.5,117.03473927878407
kedah,kedah_sg_padang_terap_di_kepala_batas,2025-01,130.5,35.83915923479788
kedah,kedah_sg_padang_terap_di_kepala_batas,2025-02,21.5,37.361572485831445
kedah,kedah_sg_padang_terap_di_kepala_batas,2025-03,306.0,87.05732625181766
kedah,kedah_sg_padang_terap_di_kepala_batas,2025-04,175.5,219.31257474676275
kedah,kedah_sg_padang_terap_di_kepala_batas,2025-05,283.0,204.25291441397164
kedah,kedah_sg_padang_terap_di_kepala_batas,2025-06,284.0,119.40720212102764
kedah,kedah_sg_padang_terap_di_kepala_batas,2025-07,149.5,60.248783660470025
kedah,kedah_sg_padang_terap_di_kepala_batas,2025-08,264.5,165.16858386943036
kedah,kedah_sg_padang_terap_di_kepala_batas,2025-09,270.0,217.31519726055552
kedah,kedah_sg_padang_terap_di_kepala_batas,2025-10,715.5,240.57658521726927
kedah,kedah_sg_padang_terap_di_kepala_batas,2025-11,279.5,241.0928168741409
kedah,kedah_sg_padang_terap_di_kepala_batas,2025-12,42.0,24.849386881919298
kedah,kedah_sg_sari_di_kilang_gula_padang_terap,2024-05,173.5,319.5236672861305
kedah,kedah_sg_sari_di_kilang_gula_padang_terap,2024-06,220.0,237.4768832491529
kedah,kedah_sg_sari_di_kilang_gula_padang_terap,2024-07,85.0,50.44463770355894
kedah,kedah_sg_sari_di_kilang_gula_padang_terap,2024-08,242.0,394.19301695299345
kedah,kedah_sg_sari_di_kilang_gula_padang_terap,2024-09,777.0,484.46695507447646
kedah,kedah_sg_sari_di_kilang_gula_padang_terap,2024-10,995.5,261.91559336711964
kedah,kedah_sg_sari_di_kilang_gula_padang_terap,2024-11,639.5,447.6273770860641
kedah,kedah_sg_sari_di_kilang_gula_padang_terap,2024-12,39.0,270.1586743168689
kedah,kedah_sg_sari_di_kilang_gula_padang_terap,2025-01,72.0,43.15976173019001
kedah,kedah_sg_sari_di_kilang_gula_padang_terap,2025-02,21.5,32.38033485123755
kedah,kedah_sg_sari_di_kilang_gula_padang_terap,2025-03,92.0,107.55114460084187
kedah,kedah_sg_sari_di_kilang_gula_padang_terap,2025-04,352.0,288.97937183409874
kedah,kedah_sg_sari_di_kilang_gula_padang_terap,2025-05,503.5,280.116986282261
kedah,kedah_sg_sari_di_kilang_gula_padang_terap,2025-06,162.5,86.26853631542906
kedah,kedah_sg_sari_di_kilang_gula_padang_terap,2025-07,203.0,37.822481225681784
kedah,kedah_sg_sari_di_kilang_gula_padang_terap,2025-08,142.0,148.33915814647182
kedah,kedah_sg_sari_di_kilang_gula_padang_terap,2025-09,351.5,234.98158343724208
kedah,kedah_sg_sari_di_kilang_gula_padang_terap,2025-10,557.5,295.53192728772865
kedah,kedah_sg_sari_di_kilang_gula_padang_terap,2025-11,500.0,532.6133794981241
kedah,kedah_sg_sari_di_kilang_gula_padang_terap,2025-12,110.5,23.065682806506913
kedah,kedah_sg_sintok_di_uum_sintok,2024-05,252.0,204.19734844357257
kedah,kedah_sg_sintok_di_uum_sintok,2024-06,311.5,136.10213484110793
kedah,kedah_sg_sintok_di_uum_sintok,2024-07,136.5,108.79403584486448
kedah,kedah_sg_sintok_di_uum_sintok,2024-08,287.0,245.5955260607066
kedah,kedah_sg_sintok_di_uum_sintok,2024-09,387.0,420.54663263775416
kedah,kedah_sg_sintok_di_uum_sintok,2024-10,507.5,407.0494361905881
kedah,kedah_sg_sintok_di_uum_sintok,2024-11,412.0,556.2996592469534
kedah,kedah_sg_sintok_di_uum_sintok,2024-12,65.5,185.3505431140471
kedah,kedah_sg_sintok_di_uum_sintok,2025-01,91.5,36.152641030100376
kedah,kedah_sg_sintok_di_uum_sintok,2025-02,13.0,42.90410011663814
kedah,kedah_sg_sintok_di_uum_sintok,2025-03,114.0,105.13880219952885
kedah,kedah_sg_sintok_di_uum_sintok,2025-04,272.0,226.96594246679817
kedah,kedah_sg_sintok_di_uum_sintok,2025-05,437.5,274.09314581037904
kedah,kedah_sg_sintok_di_uum_sintok,2025-06,0.0,172.86723670638415
kedah,kedah_sg_sintok_di_uum_sintok,2025-07,85.0,44.14742620269861
kedah,kedah_sg_sintok_di_uum_sintok,2025-08,0.0,151.72073026049998
kedah,kedah_sg_sintok_di_uum_sintok,2025-09,1.0,177.98791971193984
kedah,kedah_sg_sintok_di_uum_sintok,2025-10,0.0,247.85885905786267
kedah,kedah_sg_sintok_di_uum_sintok,2025-11,378.0,252.54605773954515
kedah,kedah_sg_sintok_di_uum_sintok,2025-12,39.5,48.141550094827544
kedah,kedah_sg_temin_di_kg_jeragan,2024-05,265.5,2979.9579870417283
kedah,kedah_sg_temin_di_kg_jeragan,2024-06,111.5,2979.9579870417283
kedah,kedah_sg_temin_di_kg_jeragan,2024-07,71.5,2979.9579870417283
klang,klang_empangan_batu,2024-05,599.0,274.8489295844686
klang,klang_empangan_batu,2024-06,431.5,286.2747548424313
klang,klang_empangan_batu,2024-07,226.5,125.01628288093536
klang,klang_empangan_batu,2024-08,644.0,191.8910716473431
klang,klang_empangan_batu,2024-09,375.0,241.39648235072744
klang,klang_empangan_batu,2024-10,535.0,260.1627484293186
klang,klang_empangan_batu,2024-11,549.0,421.6434808013968
klang,klang_empangan_batu,2024-12,682.0,352.37978397186055
klang,klang_empangan_batu,2025-01,207.5,293.7859182094867
klang,klang_empangan_batu,2025-02,371.0,146.45593606432845
klang,klang_empangan_batu,2025-03,289.5,230.4608382069384
klang,klang_empangan_batu,2025-04,347.5,260.9617308774471
klang,klang_empangan_batu,2025-05,145.0,193.35975026627
klang,klang_empangan_batu,2025-06,285.5,81.49358961268685
klang,klang_empangan_batu,2025-07,78.0,60.74102162433023
klang,klang_empangan_batu,2025-08,238.0,88.38335853641068
klang,klang_empangan_batu,2025-09,519.5,183.5102877604085
klang,klang_empangan_batu,2025-10,379.0,221.4906827741284
klang,klang_empangan_batu,2025-11,676.5,239.10322529595112
klang,klang_empangan_batu,2025-12,275.5,320.90650285665663
klang,klang_empangan_klang_gates,2024-05,661.0,451.755288763151
klang,klang_empangan_klang_gates,2024-06,352.5,279.7947601467595
klang,klang_empangan_klang_gates,2024-07,165.5,116.85603769875968
klang,klang_empangan_klang_gates,2024-08,681.5,105.25703130839003
klang,klang_empangan_klang_gates,2024-09,355.5,268.82286283233583
klang,klang_empangan_klang_gates,2024-10,706.0,236.7044041460887
klang,klang_empangan_klang_gates,2024-11,250.5,794.4258917603673
klang,klang_genting_sempah,2024-05,505.0,305.06066278249494
klang,klang_genting_sempah,2024-06,331.0,263.3641266575271
klang,klang_genting_sempah,2024-07,232.0,123.93330167323732
klang,klang_genting_sempah,2024-08,401.5,331.98085722559676
klang,klang_genting_sempah,2024-09,555.5,348.98551325654046
klang,klang_genting_sempah,2024-10,354.5,432.16580553626494
klang,klang_genting_sempah,2024-11,343.0,532.0105086167295
klang,klang_genting_sempah,2024-12,295.0,399.8645985172594
klang,klang_genting_sempah,2025-01,299.0,226.54771997473316
klang,klang_genting_sempah,2025-02,423.0,168.3648424395058
klang,klang_genting_sempah,2025-03,322.5,265.54452377245593
klang,klang_genting_sempah,2025-04,778.5,304.5702060639374
klang,klang_genting_sempah,2025-05,426.0,280.5927572520266
klang,klang_genting_sempah,2025-06,269.5,127.17535822794514
klang,klang_genting_sempah,2025-07,308.5,94.63103423764615
klang,klang_genting_sempah,2025-08,452.0,175.7790841233266
klang,klang_genting_sempah,2025-09,839.0,272.54052969074223
klang,klang_genting_sempah,2025-10,536.5,315.3204494187345
klang,klang_genting_sempah,2025-11,715.5,375.2066071501556
klang,klang_genting_sempah,2025-12,366.0,271.3590948531831
klang,klang_gombak_simpang_3,2024-05,816.5,480.70559522186886
klang,klang_gombak_simpang_3,2024-06,458.5,428.0583268903986
klang,klang_gombak_simpang_3,2024-07,299.5,273.81933288715663
klang,klang_gombak_simpang_3,2024-08,983.5,380.7379711231397
klang,klang_gombak_simpang_3,2024-09,348.0,387.7425864649078
klang,klang_gombak_simpang_3,2024-10,783.5,411.4398223290035
klang,klang_gombak_simpang_3,2024-11,594.5,522.5005780797977
klang,klang_gombak_simpang_3,2024-12,691.0,434.53079084870143
klang,klang_gombak_simpang_3,2025-01,291.0,307.133451179316
klang,klang_gombak_simpang_3,2025-02,537.5,222.11482250497974
klang,klang_gombak_simpang_3,2025-03,329.0,321.5283772826715
klang,klang_gombak_simpang_3,2025-04,545.0,385.14013072957965
klang,klang_gombak_simpang_3,2025-05,235.5,365.1371029169064
klang,klang_gombak_simpang_3,2025-06,273.0,219.61639984444182
klang,klang_gombak_simpang_3,2025-07,200.5,173.18287298188764
klang,klang_gombak_simpang_3,2025-08,245.0,251.80641800109044
klang,klang_gombak_simpang_3,2025-09,679.5,358.4093053479537
klang,klang_gombak_simpang_3,2025-10,310.0,359.42771392954273
klang,klang_gombak_simpang_3,2025-11,1050.5,405.5688738322396
klang,klang_gombak_simpang_3,2025-12,329.5,356.69011678890774
klang,klang_jps_ampang,2024-08,77.0,202.76355649406295
klang,klang_jps_ampang,2024-09,144.0,251.9483355239697
klang,klang_jps_ampang,2024-10,326.5,318.43120327629214
klang,klang_jps_ampang,2024-11,575.0,360.49037450116015
klang,klang_jps_ampang,2024-12,521.5,369.8392843310161
klang,klang_jps_ampang,2025-01,494.5,318.3807177472922
klang,klang_jps_ampang,2025-02,502.0,274.5822344687388
klang,klang_jps_ampang,2025-03,369.5,298.73878457682144
klang,klang_jps_ampang,2025-04,840.5,327.9260971387968
klang,klang_jps_ampang,2025-05,395.0,333.14650783005936
klang,klang_jps_ampang,2025-06,237.5,254.33473100608526
klang,klang_jps_ampang,2025-07,244.5,204.88423715626328
klang,klang_jps_ampang,2025-08,396.5,253.30572715319605
klang,klang_jps_ampang,2025-09,454.0,318.1793352902605
klang,klang_jps_ampang,2025-10,402.5,363.97560793477754
klang,klang_jps_ampang,2025-11,782.0,372.58650130912815
klang,klang_jps_ampang,2025-12,550.0,398.93790995835235
klang,klang_jps_wilayah,2024-05,386.0,518.1856715118122
klang,klang_jps_wilayah,2024-06,680.0,374.0045008940848
klang,klang_jps_wilayah,2024-07,239.5,181.28609137947132
klang,klang_jps_wilayah,2024-08,677.0,307.6931547222595
klang,klang_jps_wilayah,2024-09,331.5,305.32546229258793
klang,klang_jps_wilayah,2024-10,964.0,385.41270007458354
klang,klang_jps_wilayah,2024-11,667.5,573.6140002812976
klang,klang_jps_wilayah,2024-12,399.5,484.9496437669018
klang,klang_jps_wilayah,2025-01,601.5,399.4060697536325
klang,klang_jps_wilayah,2025-02,243.0,327.87323800645873
klang,klang_jps_wilayah,2025-03,388.0,420.9939457178498
klang,klang_jps_wilayah,2025-04,811.0,507.2760648485136
klang,klang_jps_wilayah,2025-05,435.0,359.86041187142143
klang,klang_jps_wilayah,2025-06,249.5,172.02768824600824
klang,klang_jps_wilayah,2025-07,93.5,108.18028347210445
klang,klang_jps_wilayah,2025-08,327.5,183.52563384310037
klang,klang_jps_wilayah,2025-09,423.5,297.2251269933971
klang,klang_jps_wilayah,2025-10,408.0,332.0212002452174
klang,klang_jps_wilayah,2025-11,793.5,391.61376866261423
klang,klang_jps_wilayah,2025-12,608.0,400.40863344851243
klang,klang_kg_berembang_smart,2024-05,7.0,100.02668190742833
klang,klang_kg_berembang_smart,2024-06,5.0,175.97804578548065
klang,klang_kg_berembang_smart,2024-07,1.0,249.88988386136805
klang,klang_kg_berembang_smart,2024-12,439.5,235.08295408803326
klang,klang_kg_berembang_smart,2025-01,548.5,317.54073437920636
klang,klang_kg_berembang_smart,2025-02,571.0,325.11313641748495
klang,klang_kg_berembang_smart,2025-03,333.5,211.23820599017867
klang,klang_kg_berembang_smart,2025-04,1007.0,157.37533418861716
klang,klang_kg_berembang_smart,2025-05,460.0,186.562312955659
klang,klang_kg_berembang_smart,2025-06,278.0,300.8088228766451
klang,klang_kg_berembang_smart,2025-07,313.5,349.7188888375639
klang,klang_kg_berembang_smart,2025-08,402.0,363.7198382815275
klang,klang_kg_berembang_smart,2025-09,413.0,292.3822133029807
klang,klang_kg_berembang_smart,2025-10,522.0,455.59648784899724
klang,klang_kg_berembang_smart,2025-11,856.0,422.32960685133855
klang,klang_kg_berembang_smart,2025-12,658.0,313.6053334398426
klang,klang_kg_sg_tua_empangan_batu,2024-05,607.0,441.0671624886882
klang,klang_kg_sg_tua_empangan_batu,2024-06,410.5,391.9462072804043
klang,klang_kg_sg_tua_empangan_batu,2024-07,220.0,277.21139517132514
klang,klang_kg_sg_tua_empangan_batu,2024-08,778.5,272.8342004669487
klang,klang_kg_sg_tua_empangan_batu,2024-09,391.5,345.71123140745476
klang,klang_kg_sg_tua_empangan_batu,2024-10,520.0,293.0384087072504
klang,klang_kg_sg_tua_empangan_batu,2024-11,586.5,430.1353611501959
klang,klang_kg_sg_tua_empangan_batu,2024-12,668.5,414.4381588840261
klang,klang_kg_sg_tua_empangan_batu,2025-01,316.0,327.00458056032295
klang,klang_kg_sg_tua_empangan_batu,2025-02,295.0,215.90021397049762
klang,klang_kg_sg_tua_empangan_batu,2025-03,300.5,276.0317304741692
klang,klang_kg_sg_tua_empangan_batu,2025-04,556.0,310.0717418637212
klang,klang_kg_sg_tua_empangan_batu,2025-05,143.5,383.0524431970351
klang,klang_kg_sg_tua_empangan_batu,2025-06,260.0,203.43388678263122
klang,klang_kg_sg_tua_empangan_batu,2025-07,52.5,188.78125610395642
klang,klang_kg_sg_tua_empangan_batu,2025-08,304.0,172.17902086849392
klang,klang_kg_sg_tua_empangan_batu,2025-09,544.5,243.93189907362927
klang,klang_kg_sg_tua_empangan_batu,2025-10,446.5,275.92095321230113
klang,klang_kg_sg_tua_empangan_batu,2025-11,681.5,331.7183832162277
klang,klang_kg_sg_tua_empangan_batu,2025-12,425.0,337.33949125323454
klang,klang_kolam_takungan_batu,2024-05,643.0,546.8120312796052
klang,klang_kolam_takungan_batu,2024-06,550.5,400.5038037829759
klang,klang_kolam_takungan_batu,2024-07,200.5,226.48965810128868
klang,klang_kolam_takungan_batu,2024-08,840.0,322.2767341814091
klang,klang_kolam_takungan_batu,2024-09,389.5,375.3271669652546
klang,klang_kolam_takungan_batu,2024-10,777.5,363.41626574492875
klang,klang_kolam_takungan_batu,2024-11,621.5,534.4684696459369
klang,klang_kolam_takungan_batu,2024-12,465.5,449.62581220466404
klang,klang_kolam_takungan_batu,2025-01,305.5,373.3516505944607
klang,klang_kolam_takungan_batu,2025-02,412.0,305.20171594507343
klang,klang_kolam_takungan_batu,2025-03,361.5,407.29877397535165
klang,klang_kolam_takungan_batu,2025-04,627.5,462.47400853419515
klang,klang_kolam_takungan_batu,2025-05,355.5,386.55205785020894
klang,klang_kolam_takungan_batu,2025-06,131.5,200.04261865694986
klang,klang_kolam_takungan_batu,2025-07,90.5,136.34387144139492
klang,klang_kolam_takungan_batu,2025-08,327.5,204.70529649148997
klang,klang_kolam_takungan_batu,2025-09,347.0,313.4373725370599
klang,klang_kolam_takungan_batu,2025-10,416.0,313.24311978840996
klang,klang_kolam_takungan_batu,2025-11,772.5,372.80012579789644
klang,klang_kolam_takungan_batu,2025-12,519.5,360.6919128217386
klang,klang_ladang_edinburgh,2024-05,0.0,12.008942904690466
klang,klang_ladang_edinburgh,2024-06,0.0,16.870594749044134
klang,klang_ladang_edinburgh,2024-07,2.0,22.009658853768077
klang,klang_ladang_edinburgh,2024-08,523.5,36.02479108827675
klang,klang_ladang_edinburgh,2024-09,449.5,438.6207906055285
klang,klang_ladang_edinburgh,2024-10,782.0,393.58350822413246
klang,klang_ladang_edinburgh,2024-11,664.5,568.4117721873815
klang,klang_ladang_edinburgh,2024-12,359.0,265.60939119578507
klang,klang_ladang_edinburgh,2025-01,543.5,180.63726277096768
klang,klang_ladang_edinburgh,2025-02,262.0,230.16421259948197
klang,klang_ladang_edinburgh,2025-03,564.5,336.19282045073646
klang,klang_ladang_edinburgh,2025-04,955.5,752.646753623052
klang,klang_ladang_edinburgh,2025-05,422.5,711.5053752295967
klang,klang_ladang_edinburgh,2025-06,108.0,633.7802983519209
klang,klang_ladang_edinburgh,2025-07,120.0,670.2258908882083
klang,klang_ladang_edinburgh,2025-08,369.5,365.9594368035565
klang,klang_ladang_edinburgh,2025-09,323.0,623.1097908410476
klang,klang_ladang_edinburgh,2025-10,429.0,494.10090108574406
klang,klang_ladang_edinburgh,2025-11,806.5,282.72388874875105
klang,klang_ladang_edinburgh,2025-12,432.5,801.1590712701097
klang,klang_lembah_jaya,2024-05,553.5,441.6731722811647
klang,klang_lembah_jaya,2024-06,292.5,399.53749309660043
klang,klang_lembah_jaya,2024-07,152.0,251.71816121148757
klang,klang_lembah_jaya,2024-08,434.0,298.03732171309076
klang,klang_lembah_jaya,2024-09,462.0,345.2615784629349
klang,klang_lembah_jaya,2024-10,787.0,393.3959646135158
klang,klang_lembah_jaya,2024-11,562.5,446.8370277694021
klang,klang_lembah_jaya,2024-12,603.0,327.23719088943807
klang,klang_lembah_jaya,2025-01,367.5,269.6713290252271
klang,klang_lembah_jaya,2025-02,419.0,230.07214769577052
klang,klang_lembah_jaya,2025-03,462.0,320.5059850953832
klang,klang_lembah_jaya,2025-04,708.0,408.1436124001773
klang,klang_lembah_jaya,2025-05,322.0,409.7754367145256
klang,klang_lembah_jaya,2025-06,240.0,247.49163366663507
klang,klang_lembah_jaya,2025-07,174.0,189.81407461008257
klang,klang_lembah_jaya,2025-08,445.0,235.43631589813668
klang,klang_lembah_jaya,2025-09,282.5,347.4492352839786
klang,klang_lembah_jaya,2025-10,366.0,326.71228801555435
klang,klang_lembah_jaya,2025-11,823.5,329.1661362807778
klang,klang_lembah_jaya,2025-12,488.5,332.5679492604089
klang,klang_pandan_indah,2024-05,0.0,10.576201839673443
klang,klang_pandan_indah,2024-06,0.0,39.90281441407752
klang,klang_pandan_indah,2024-07,0.0,18.427628940896604
klang,klang_pandan_indah,2024-08,139.5,25.522826206964083
klang,klang_pandan_indah,2024-10,590.0,94.5644122678881
klang,klang_pandan_indah,2024-11,533.5,705.4910819642191
klang,klang_pandan_indah,2024-12,415.0,260.59995656174874
klang,klang_pandan_indah,2025-01,563.0,127.91270709427073
klang,klang_pandan_indah,2025-02,537.0,108.68400449831022
klang,klang_pandan_indah,2025-03,439.5,213.29730322183164
klang,klang_pandan_indah,2025-04,746.0,658.4882822352362
klang,klang_pandan_indah,2025-05,256.0,491.09158440985635
klang,klang_pandan_indah,2025-06,202.0,796.895461777652
klang,klang_pandan_indah,2025-07,202.5,862.276225395381
klang,klang_pandan_indah,2025-08,420.0,369.2230533592818
klang,klang_pandan_indah,2025-09,419.0,535.3445742631224
klang,klang_pandan_indah,2025-10,302.5,1053.0435319557005
klang,klang_pandan_indah,2025-11,600.0,479.3276310704029
klang,klang_pandan_indah,2025-12,446.5,1313.24161979071
klang,klang_sg_bunus_di_jln_tun_razak,2024-05,633.0,579.1708608701751
klang,klang_sg_bunus_di_jln_tun_razak,2024-06,662.5,455.181255174366
klang,klang_sg_bunus_di_jln_tun_razak,2024-07,234.5,279.72972752975795
klang,klang_sg_bunus_di_jln_tun_razak,2024-08,736.0,267.80068829059513
klang,klang_sg_bunus_di_jln_tun_razak,2024-09,308.0,260.9470105942723
klang,klang_sg_bunus_di_jln_tun_razak,2024-10,910.0,243.58052451837344
klang,klang_sg_bunus_di_jln_tun_razak,2024-11,565.0,447.82137614865724
klang,klang_sg_bunus_di_jln_tun_razak,2024-12,458.0,375.65588757511784
klang,klang_sg_bunus_di_jln_tun_razak,2025-01,595.5,375.4356933840484
klang,klang_sg_bunus_di_jln_tun_razak,2025-02,418.5,396.4611114939495
klang,klang_sg_bunus_di_jln_tun_razak,2025-03,295.5,376.63485625843407
klang,klang_sg_bunus_di_jln_tun_razak,2025-04,782.5,401.8773697574339
klang,klang_sg_bunus_di_jln_tun_razak,2025-05,388.5,427.26088466963455
klang,klang_sg_bunus_di_jln_tun_razak,2025-06,293.0,251.11708856471358
klang,klang_sg_bunus_di_jln_tun_razak,2025-07,141.5,162.61484857025948
klang,klang_sg_bunus_di_jln_tun_razak,2025-08,373.5,165.70223700975126
klang,klang_sg_bunus_di_jln_tun_razak,2025-09,324.5,222.2845699414419
klang,klang_sg_bunus_di_jln_tun_razak,2025-10,390.0,189.4733699366198
klang,klang_sg_bunus_di_jln_tun_razak,2025-11,826.5,229.87831679827747
klang,klang_sg_bunus_di_jln_tun_razak,2025-12,757.5,408.4911632079354
klang,klang_sg_kerayong_di_kg_cheras_baru,2024-05,657.5,463.8742856703678
klang,klang_sg_kerayong_di_kg_cheras_baru,2024-06,390.0,410.73288706562494
klang,klang_sg_kerayong_di_kg_cheras_baru,2024-07,344.5,203.97752118852316
klang,klang_sg_kerayong_di_kg_cheras_baru,2024-08,783.0,330.3312293870086
klang,klang_sg_kerayong_di_kg_cheras_baru,2024-09,346.5,333.59930246648355
klang,klang_sg_kerayong_di_kg_cheras_baru,2024-10,596.5,380.39526784120386
klang,klang_sg_kerayong_di_kg_cheras_baru,2024-11,637.5,558.9816395381798
klang,klang_sg_kerayong_di_kg_cheras_baru,2024-12,470.0,480.55592256040757
klang,klang_sg_kerayong_di_kg_cheras_baru,2025-01,513.0,386.92029095841485
klang,klang_sg_kerayong_di_kg_cheras_baru,2025-02,647.5,274.7605301062868
klang,klang_sg_kerayong_di_kg_cheras_baru,2025-03,459.5,384.781365587559
klang,klang_sg_kerayong_di_kg_cheras_baru,2025-04,1030.0,469.65204114147605
klang,klang_sg_kerayong_di_kg_cheras_baru,2025-05,289.5,348.30741037628115
klang,klang_sg_kerayong_di_kg_cheras_baru,2025-06,275.0,189.55353461721097
klang,klang_sg_kerayong_di_kg_cheras_baru,2025-07,210.0,103.58877470691395
klang,klang_sg_kerayong_di_kg_cheras_baru,2025-08,320.0,200.404899856167
klang,klang_sg_kerayong_di_kg_cheras_baru,2025-09,475.5,271.1890522872498
klang,klang_sg_kerayong_di_kg_cheras_baru,2025-10,336.5,323.55082330915315
klang,klang_sg_kerayong_di_kg_cheras_baru,2025-11,647.5,401.5146078401092
klang,klang_sg_kerayong_di_kg_cheras_baru,2025-12,724.0,413.6750619267684
klang,klang_sg_klang_di_jambatan_petaling,2024-05,551.5,250.9912183382592
klang,klang_sg_klang_di_jambatan_petaling,2024-06,10.5,309.56976630162995
klang,klang_sg_klang_di_jambatan_petaling,2024-07,9.0,97.08090654819651
klang,klang_sg_klang_di_jambatan_petaling,2024-08,297.5,145.9576693312302
klang,klang_sg_klang_di_jambatan_petaling,2024-09,266.0,304.85425592779404
klang,klang_sg_klang_di_jambatan_petaling,2024-10,400.0,318.96513975175975
klang,klang_sg_klang_di_jambatan_petaling,2024-11,485.0,494.60756263080634
klang,klang_sg_klang_di_jambatan_petaling,2024-12,643.0,471.5432926653086
klang,klang_sg_klang_di_jambatan_petaling,2025-01,408.5,415.3120439212115
klang,klang_sg_klang_di_jambatan_petaling,2025-02,590.5,229.21349647512451
klang,klang_sg_klang_di_jambatan_petaling,2025-03,351.0,372.25957344892885
klang,klang_sg_klang_di_jambatan_petaling,2025-04,1237.0,357.56813856688655
klang,klang_sg_klang_di_jambatan_petaling,2025-05,148.0,488.8918376372287
klang,klang_sg_klang_di_jambatan_petaling,2025-06,64.5,142.02312650288604
klang,klang_sg_klang_di_jambatan_petaling,2025-07,14.5,88.67313095826172
klang,klang_sg_klang_di_jambatan_petaling,2025-08,126.5,134.09818724000485
klang,klang_sg_klang_di_jambatan_petaling,2025-09,149.0,232.76920928597983
klang,klang_sg_klang_di_jambatan_petaling,2025-10,853.5,353.1084302052993
klang,klang_sg_klang_di_jambatan_petaling,2025-11,601.0,661.4014256208759
klang,klang_sg_klang_di_jambatan_petaling,2025-12,606.5,513.2392549682534
klang,klang_sg_klang_di_leboh_pasar,2024-05,362.5,520.7031092379018
klang,klang_sg_klang_di_leboh_pasar,2024-06,552.0,293.39353650258727
klang,klang_sg_klang_di_leboh_pasar,2024-07,168.0,140.69267642385944
klang,klang_sg_klang_di_leboh_pasar,2024-08,591.5,164.40166432925437
klang,klang_sg_klang_di_leboh_pasar,2024-09,285.5,237.576021993416
klang,klang_sg_klang_di_leboh_pasar,2024-10,1006.0,318.91370423485364
klang,klang_sg_klang_di_leboh_pasar,2024-11,469.5,677.5485509730546
klang,klang_sg_klang_di_leboh_pasar,2024-12,415.5,504.47505655760153
klang,klang_sg_klang_di_leboh_pasar,2025-01,602.5,399.8164065371885
klang,klang_sg_klang_di_leboh_pasar,2025-02,333.0,356.2758036691522
klang,klang_sg_klang_di_leboh_pasar,2025-03,353.0,406.482276239614
klang,klang_sg_klang_di_leboh_pasar,2025-04,589.0,503.95504403548955
klang,klang_sg_klang_di_leboh_pasar,2025-05,313.5,401.7132033489759
klang,klang_sg_klang_di_leboh_pasar,2025-06,244.5,167.95572547493938
klang,klang_sg_klang_di_leboh_pasar,2025-07,104.0,97.11696203173824
klang,klang_sg_klang_di_leboh_pasar,2025-08,332.5,105.11103093440335
klang,klang_sg_klang_di_leboh_pasar,2025-09,380.0,195.59374506712567
klang,klang_sg_klang_di_leboh_pasar,2025-10,410.5,305.72638499666107
klang,klang_sg_klang_di_leboh_pasar,2025-11,705.5,377.75437194115955
klang,klang_sg_klang_di_leboh_pasar,2025-12,590.0,498.67691603193794
klang,klang_sg_klang_di_lembah_keramat,2024-05,721.0,559.4882152593995
klang,klang_sg_klang_di_lembah_keramat,2024-06,321.5,421.17134015210667
klang,klang_sg_klang_di_lembah_keramat,2024-07,231.5,229.11081398494306
klang,klang_sg_klang_di_lembah_keramat,2024-08,669.0,403.3155352930484
klang,klang_sg_klang_di_lembah_keramat,2024-09,329.0,334.29824257116877
klang,klang_sg_klang_di_lembah_keramat,2024-10,824.0,380.20675083192094
klang,klang_sg_klang_di_lembah_keramat,2024-11,522.5,550.1930824568005
klang,klang_sg_klang_di_lembah_keramat,2024-12,507.0,437.4629027778916
klang,klang_sg_klang_di_lembah_keramat,2025-01,274.0,327.3170385917059
klang,klang_sg_klang_di_lembah_keramat,2025-02,467.5,233.29031183481055
klang,klang_sg_klang_di_lembah_keramat,2025-03,297.0,347.61841912646435
klang,klang_sg_klang_di_lembah_keramat,2025-04,862.0,427.2599236368133
klang,klang_sg_klang_di_lembah_keramat,2025-05,437.0,332.9333508352184
klang,klang_sg_klang_di_lembah_keramat,2025-06,419.0,165.9342731091621
klang,klang_sg_klang_di_lembah_keramat,2025-07,193.5,116.10388820478555
klang,klang_sg_klang_di_lembah_keramat,2025-08,359.0,207.5536054562819
klang,klang_sg_klang_di_lembah_keramat,2025-09,402.0,340.90268786364106
klang,klang_sg_klang_di_lembah_keramat,2025-10,713.0,285.9419669675375
klang,klang_sg_klang_di_lembah_keramat,2025-11,777.0,342.4566517787048
klang,klang_sg_klang_di_lembah_keramat,2025-12,668.0,341.25631908542584
klang,klang_taman_ehsan,2024-09,157.0,186.56047195723053
klang,klang_taman_ehsan,2024-11,235.0,187.51935129421835
klang,klang_taman_ehsan,2024-12,287.5,194.05884950939412
klang,klang_taman_ehsan,2025-01,415.0,197.6865830441833
klang,klang_taman_ehsan,2025-02,313.0,197.40894665055706
klang,klang_taman_ehsan,2025-03,401.0,199.53468988990738
klang,klang_taman_ehsan,2025-04,735.5,202.01838406273882
klang,klang_taman_ehsan,2025-05,382.0,198.25613039916752
klang,klang_taman_ehsan,2025-06,133.5,182.98931329207878
klang,klang_taman_ehsan,2025-07,95.5,173.6421644459626
klang,klang_taman_ehsan,2025-08,309.0,190.33333238824517
klang,klang_taman_ehsan,2025-09,395.0,205.69359699929876
klang,klang_taman_ehsan,2025-10,437.0,211.56390558710885
klang,klang_taman_ehsan,2025-11,580.0,209.19917372093036
klang,klang_taman_ehsan,2025-12,407.5,203.15064429140097
kuantan,pasir_kemudi,2024-05,121.5,66.50105743580211
kuantan,pasir_kemudi,2024-06,25.5,63.53412717988954
kuantan,pasir_kemudi,2024-07,9.0,49.77733919614034
kuantan,pasir_kemudi,2024-08,259.5,77.37585172693554
kuantan,pasir_kemudi,2024-09,87.5,156.0711497241564
kuantan,pasir_kemudi,2024-10,127.0,192.54598785068993
kuantan,pasir_kemudi,2024-11,464.5,360.9263508685613
kuantan,pasir_kemudi,2024-12,434.5,285.69078309159
kuantan,pasir_kemudi,2025-01,245.0,282.0757678562742
kuantan,pasir_kemudi,2025-02,83.0,192.7165110986966
kuantan,pasir_kemudi,2025-03,29.5,163.14751147366158
kuantan,pasir_kemudi,2025-04,150.5,137.12219448203743
kuantan,pasir_kemudi,2025-05,274.5,105.19387662437916
kuantan,pasir_kemudi,2025-06,63.5,76.68827301668773
kuantan,pasir_kemudi,2025-07,70.0,72.62575375259328
kuantan,pasir_kemudi,2025-08,189.0,115.02434733325904
kuantan,pasir_kemudi,2025-09,128.5,193.55220573118953
kuantan,pasir_kemudi,2025-11,228.0,200.54024042707678
kuantan,pasir_kemudi,2025-12,413.5,285.7944689113722
kuantan,sg_belat,2024-05,137.5,145.15076305338806
kuantan,sg_belat,2024-06,52.5,148.98072223983053
kuantan,sg_belat,2024-07,5.0,133.61617586921804
kuantan,sg_belat,2024-08,121.5,148.74474111837964
kuantan,sg_belat,2024-09,87.5,149.72116321285398
kuantan,sg_belat,2024-10,173.5,155.49748263534485
kuantan,sg_belat,2024-11,519.5,314.7516651486266
kuantan,sg_belat,2024-12,565.5,308.3029963350794
kuantan,sg_belat,2025-01,299.5,206.3254088180921
kuantan,sg_belat,2025-02,61.5,106.44745537615127
kuantan,sg_belat,2025-03,85.5,114.507070412489
kuantan,sg_belat,2025-04,249.0,135.057537805396
kuantan,sg_belat,2025-05,197.5,179.6547740602379
kuantan,sg_belat,2025-06,94.5,149.94402126532273
kuantan,sg_belat,2025-07,83.0,148.90538749450033
kuantan,sg_belat,2025-08,131.5,142.56239547775436
kuantan,sg_belat,2025-09,191.0,148.41996666126477
kuantan,sg_belat,2025-11,321.0,306.99235789507503
kuantan,sg_belat,2025-12,621.0,220.6441328468396
kuantan,sg_cherating,2024-05,46.0,203.77255872090248
kuantan,sg_cherating,2024-06,133.5,165.4212678687491
kuantan,sg_cherating,2024-08,58.5,132.1007821601668
kuantan,sg_cherating,2024-09,133.0,150.1535242138117
kuantan,sg_cherating,2024-10,140.5,194.86393611822814
kuantan,sg_cherating,2024-11,762.5,570.0925448584584
kuantan,sg_cherating,2024-12,636.5,533.3055007171772
kuantan,sg_cherating,2025-01,143.0,217.0459024223738
kuantan,sg_cherating,2025-02,0.0,83.65730416117798
kuantan,sg_cherating,2025-03,2.5,74.0542087242671
kuantan,sg_cherating,2025-04,118.5,105.94958600072758
kuantan,sg_cherating,2025-05,196.5,211.53583555809917
kuantan,sg_cherating,2025-06,87.0,174.4036320314665
kuantan,sg_cherating,2025-07,102.5,153.7306955464531
kuantan,sg_cherating,2025-08,115.5,146.62607619916372
kuantan,sg_cherating,2025-09,277.0,148.9336630373674
kuantan,sg_cherating,2025-10,198.5,192.74151256321468
kuantan,sg_cherating,2025-11,699.0,476.0473940937073
kuantan,sg_cherating,2025-12,473.0,353.5162636409556
