Date,pasir_kemudi_actual,pasir_kemudi_pred,felda_panching_actual,felda_panching_pred,komtur_actual,komtur_pred,sg_belat_actual,sg_belat_pred,sg_cherating_actual,sg_cherating_pred
2024-08-23,,,,,2.4620160191570063e-08,0.0,,,,
2024-08-24,,,,,2.2157426082502546e-08,0.0,,,,
2024-08-25,,,,,3.747919800934782e-08,0.0,,,,
2024-08-26,,,,,1.6186481701918054e-10,0.0,,,,
2024-08-27,,,,,2.4211836807735085e-08,0.0,,,,
2024-08-28,,,,,1.3070920459520224e-08,0.0,,,,
2024-08-29,,,,,1.6729598412676942e-10,0.0,,,,
2024-08-30,,,,,4.562090709515951e-09,0.0,,,,
2024-08-31,,,,,8.923239471723522e-10,0.0,,,,
2024-09-01,,,,,5.8026978261988494e-11,0.0,,,,
2024-09-02,,,,,7.005398686052326e-11,0.0,,,,
2024-09-03,,,,,6.472377002375865e-11,0.0,,,,
2024-09-04,,,,,7.245758993118061e-11,0.0,,,,
2024-09-05,,,,,2.552658908898491e-10,0.0,,,,
2024-09-06,,,,,1.1762372862202501e-08,0.0,,,,
2024-09-07,,,,,2.5237923167709697e-08,0.0,,,,
2024-09-08,,,,,6.476459538444983e-08,0.0,,,,
2024-09-09,,,,,1.1603804756264668e-06,0.0,,,,
2024-09-10,,,,,3.240712900743098e-10,0.0,,,,
2024-09-11,,,,,1.6877777705902326e-07,0.0,,,,
2024-09-12,,,,,3.5115484131614147e-10,0.0,,,,
2024-09-13,,,,,3.138139548169622e-07,0.0,,,,
2024-09-15,,,,,6.508060213492095e-11,0.0,,,,
2024-09-16,,,,,1.0769613199204472e-11,0.0,,,,
2024-09-17,,,,,1.8115624505147115e-10,0.0,,,,
2024-09-18,,,,,1.629312871335839e-08,0.0,,,,
2024-09-19,,,,,6.997730564977762e-08,0.0,,,,
2024-09-20,,,,,3.80349753356097e-10,0.0,,,,
2024-09-21,,,,,6.090864217260729e-11,0.0,,,,
2024-09-22,,,,,5.7618069366709096e-11,0.0,,,,
2024-09-23,,,,,1.979661967613754e-09,0.0,,,,
2024-09-24,,,,,1.465849670730767e-07,0.0,,,,
2024-09-27,,,,,1.7667369614362843e-11,0.0,,,,
2024-09-28,,,,,4.139561141743255e-10,0.0,,,,
2024-09-29,,,,,6.061206562209593e-12,0.0,,,,
2024-09-30,,,,,1.8827012583589857e-11,0.0,,,,
2024-10-01,,,,,4.950674052386826e-11,0.0,,,,
2024-10-02,,,,,8.596568999218849e-11,0.0,,,,
2024-10-03,,,,,5.977372517093564e-11,0.0,,,,
2024-10-04,,,,,3.3999063580589827e-09,0.0,,,,
2024-10-05,,,,,1.6011620222473213e-08,0.0,,,,
2024-10-06,,,,,1.0525289760438475e-07,0.0,,,,
2024-10-07,,,,,4.789328824399135e-07,0.0,,,,
2024-10-08,,,5.007382780095382e-10,0.0,1.8760465095787896e-09,0.0,,,,
2024-10-09,,,4.5397965254137337e-10,0.0,5.62244889557012e-08,0.0,,,,
2024-10-10,,,1.3451520707247412e-10,0.0,6.413408491021105e-10,0.0,,,,
2024-10-11,,,1.0539018505631235e-09,0.0,8.695034944745401e-09,0.0,,,,
2024-10-14,,,4.996333243932593e-13,0.0,1.2685177183942443e-11,0.0,,,,
2024-10-15,,,9.628942909019714e-12,0.0,2.639341133548661e-10,0.0,,,,
2024-10-16,,,4.065625598494712e-11,0.0,1.6145070438269115e-09,0.0,,,,
2024-10-17,,,2.2843895391531106e-12,0.0,1.4542827507357278e-10,0.0,,,,
2024-10-18,,,4.938165069694713e-11,0.0,3.153736867635683e-10,0.0,,,,
2024-10-19,,,9.204704408955735e-10,0.0,1.4470758405941418e-08,0.0,,,,
2024-10-20,,,1.658659466828502e-08,0.0,2.903872122825021e-09,0.0,,,,
2024-10-21,,,1.1321128841766719e-10,0.0,3.222037509546303e-11,0.0,,,,
2024-10-22,,,4.473469326252994e-10,0.0,9.626399274337892e-11,0.0,,,,
2024-10-23,,,4.3919350866498047e-10,0.0,9.595607231784752e-11,0.0,,,,
2024-10-24,,,6.71884787880607e-10,0.0,1.897106420051593e-09,0.0,,,,
2024-10-25,,,5.373011125130004e-08,0.0,6.164808048963557e-08,0.0,,,,
2024-10-27,,,2.625065915538887e-12,0.0,1.888487003969016e-10,0.0,,,,
2024-10-28,,,1.527793762490487e-12,0.0,4.355502590393021e-12,0.0,0.0,0.0,,
2024-10-29,0.0,0.0,8.712819573696053e-11,0.0,1.438112480885475e-10,0.0,6.5,0.0,,
2024-10-30,0.0,0.0,6.476527364316307e-11,0.0,5.122859012512301e-10,0.0,0.0,0.0,,
2024-10-31,0.0,0.0,6.258183560176752e-11,0.0,3.302324325275255e-11,0.0,0.0,0.0,,
2024-11-01,3.5,0.0,1.0794466429724731e-10,0.0,2.2246377068658079e-10,0.0,32.5,0.0,,
2024-11-02,12.5,0.0,1.2105953866690477e-07,0.0,1.292359683277185e-07,0.0,58.0,0.0,,
2024-11-03,36.5,0.0,9.017513556709304e-08,0.0,3.4690091824388e-08,0.0,4.0,0.0,,
2024-11-04,6.5,0.0,2.2631646223424068e-10,0.0,3.657329711917659e-09,0.0,3.5,0.0,,
2024-11-05,9.5,0.0,3.8803555749887324e-09,0.0,4.180268114239439e-08,0.0,29.5,0.0,,
2024-11-06,11.0,0.0,1.960445676904075e-09,0.0,9.459423085847456e-09,0.0,2.5,0.0,,
2024-11-07,6.0,0.0,2.3061964398379418e-08,0.0,5.8145292597936746e-08,0.0,6.5,0.0,,
2024-11-08,0.5,0.0,5.795061853523557e-09,0.0,1.2335157728595938e-08,0.0,14.5,0.0,,
2024-11-09,1.0,0.0,1.4721092009531332e-08,0.0,1.8570532798695845e-08,0.0,0.0,0.0,,
2024-11-10,11.0,0.0,2.5028364708809764e-08,0.0,1.2384976222937842e-09,0.0,0.0,0.0,,
2024-11-11,0.5,0.0,1.6483407960929086e-07,0.0,4.791851888649637e-09,0.0,3.5,0.0,,
2024-11-12,0.0,0.0,1.3693491727963264e-08,0.0,4.011895832187926e-09,0.0,2.0,0.0,,
2024-11-13,0.0,0.0,7.702750323597341e-09,0.0,4.600686575396899e-09,0.0,0.5,0.0,,
2024-11-14,0.0,0.0,5.3391661619123445e-09,0.0,1.336327280234843e-09,0.0,0.0,0.0,,
2024-11-15,0.5,0.0,7.1329916973451e-10,0.0,1.5639760053135002e-10,0.0,6.0,0.0,,
2024-11-16,2.0,0.0,1.287966416324755e-08,0.0,2.168156723060701e-09,0.0,0.5,0.0,,
2024-11-17,1.5,0.0,1.837190851889097e-08,0.0,2.1638706994886536e-09,0.0,0.5,0.0,5.2536732600260885e-05,0.0
2024-11-18,48.5,0.0,9.694185935518464e-09,0.0,2.2656550280235766e-09,0.0,49.5,0.0,1.0790845793554006e-05,0.0
2024-11-19,30.0,0.0,1.0549500286996391e-10,0.0,6.779904630331152e-10,0.0,23.0,0.0,5.21241691745722e-05,0.0
2024-11-20,32.0,0.0,2.091336122073485e-10,0.0,4.02728912499172e-09,0.0,16.0,0.0,15.0,0.0
2024-11-21,13.0,0.0,9.072181722561294e-11,0.0,5.20492579362962e-09,0.0,22.0,0.0,78.5,0.0
2024-11-22,70.0,0.0,1.6939413453546952e-10,0.0,2.152906819190348e-08,0.0,24.5,0.0,67.5,0.0
2024-11-23,26.5,0.0,4.007796684718899e-13,0.0,1.6471155037051223e-09,0.0,56.5,0.0,63.824998686239184,0.0
2024-11-24,8.0,0.0,6.456435967264585e-12,0.0,1.3252766327336686e-08,0.0,13.0,0.0,2.0,0.0
2024-11-25,6.0,0.0,3.7966992589541926e-10,0.0,6.626485821874865e-09,0.0,7.5,0.0,14.0,0.0
2024-11-26,43.0,0.0,5.2881982659793294e-08,0.0,1.0466284130113372e-06,0.0,30.5,0.0,100.5,0.0
2024-11-27,41.5,0.0,5.816807522564104e-11,0.0,1.2346617393432715e-08,0.0,63.5,0.0,206.0,0.0
2024-11-28,3.5,0.0,1.178462528856867e-12,0.0,6.373236031618005e-09,0.0,5.0,0.0,13.5,0.0
2024-11-29,40.0,0.0,1.631663731132501e-11,0.0,2.3706487529975557e-07,0.0,44.5,0.0,180.0,0.0
2024-11-30,0.0,0.0,7.55252549802089e-14,0.0,1.3092213768225564e-09,0.0,50.10666973275287,0.0,3.5,0.0
2024-12-01,17.0,0.0,5.517454398091545e-15,0.0,3.170993475188335e-12,0.0,2.652751991727774e-05,0.0,47.5,0.0
2024-12-02,0.5,0.0,4.761674448362051e-13,0.0,1.1573752313858802e-09,0.0,0.0001023485167496,0.0,1.0,0.0
2024-12-03,15.5,0.0,1.8788156470352164e-12,0.0,2.41378104495258e-11,0.0,2.8649104523096645e-07,0.0,0.0,0.0
2024-12-04,7.0,0.0,2.636607735293777e-10,0.0,3.838582104510401e-10,0.0,5.0,0.0,7.5,0.0
2024-12-05,22.0,0.0,3.999157651055752e-08,0.0,4.990863894427458e-08,0.0,31.0,0.0,35.0,0.0
2024-12-06,8.0,0.0,7.006789512754621e-10,0.0,6.370328157399382e-09,0.0,0.0,0.0,0.5,0.0
2024-12-07,2.0,0.0,1.7661688509572376e-10,0.0,6.9870692101860465e-09,0.0,1.5,0.0,0.0,0.0
2024-12-08,4.5,0.0,2.8624276108539184e-10,0.0,1.8009713310893853e-08,0.0,1.5,0.0,2.5,0.0
2024-12-09,135.0,0.0,7.561951219512093e-09,0.0,1.1852398151357282e-07,0.0,192.5,0.0,191.5,0.0
2024-12-10,50.0,0.0,1.1510320258101012e-12,0.0,9.588850292237507e-11,0.0,40.0,0.0,95.0,0.0
2024-12-11,2.5,0.0,3.495240678412725e-13,0.0,1.0890490062261003e-09,0.0,0.0,0.0,0.0,0.0
2024-12-12,0.0,0.0,1.4922999397878328e-14,0.0,1.9388298396985656e-09,0.0,0.0,0.0,1.0,0.0
2024-12-13,9.5,0.0,3.360055003257274e-14,0.0,2.284197875214096e-10,0.0,5.0,0.0,33.5,0.0
2024-12-14,1.0,0.0,2.6591250310794376e-12,0.0,5.964411129005446e-09,0.0,0.0,0.0,9.5,0.0
2024-12-15,0.0,0.0,8.558341299469077e-12,0.0,1.4291586146598594e-09,0.0,3.0,0.0,1.0,0.0
2024-12-18,29.5,0.0,1.6638515939399581e-13,0.0,4.8435911308295705e-12,0.0,17.5,0.0,30.0,0.0
2024-12-19,0.5,0.0,3.172954496815066e-12,0.0,2.7010017264073296e-11,0.0,0.0,0.0,1.5,0.0
2024-12-20,0.0,0.0,2.9331188165516993e-13,0.0,1.3681230946847307e-11,0.0,0.0,0.0,13.5,0.0
2024-12-21,0.0,0.0,1.6477491041981966e-13,0.0,4.0977591396481176e-11,0.0,0.5,0.0,2.0,0.0
2024-12-22,1.0,0.0,3.5607199288519795e-11,0.0,1.9166103227998912e-10,0.0,0.5,0.0,0.5,0.0
2024-12-23,0.0,0.0,7.535865105013701e-10,0.0,1.98849962108989e-09,0.0,0.0,0.0,0.0,0.0
2024-12-24,0.0,0.0,1.4819027342713663e-10,0.0,4.6623532263507005e-11,0.0,0.0,0.0,2.5,0.0
2024-12-25,0.0,0.0,1.462700627031561e-10,0.0,1.5578420444597254e-10,0.0,2.0,0.0,0.0,0.0
2024-12-26,8.0,0.0,2.651051381265013e-10,0.0,1.862961685283546e-10,0.0,0.0,0.0,0.0,0.0
2024-12-27,0.0,0.0,4.436364393888015e-09,0.0,3.113386101057812e-09,0.0,0.5,0.0,0.0,0.0
2024-12-28,8.5,0.0,5.720250367724043e-10,0.0,2.506279083750176e-10,0.0,3.0,0.0,99.0,0.0
2024-12-29,106.0,0.0,1.3054884872658628e-10,0.0,2.3232729068016e-08,0.0,223.0,0.0,53.0,0.0
2024-12-30,6.5,0.0,6.454540814987503e-12,0.0,4.0537131933830215e-10,0.0,39.0,0.0,9.0,0.0
2024-12-31,0.0,0.0,3.3238180335065037e-10,0.0,1.7602478199775733e-08,0.0,0.0,0.0,0.0,0.0
2025-01-01,0.0,0.0,8.235994499335768e-14,0.0,9.903040886998682e-11,0.0,0.0,0.0,0.0,0.0
2025-01-02,0.5,0.0,1.3819264889435675e-11,0.0,7.145846111133237e-11,0.0,0.0,0.0,0.0,0.0
2025-01-03,2.5,0.0,8.006880046278145e-11,0.0,1.6209288964998031e-10,0.0,0.0,0.0,0.0,0.0
2025-01-04,11.0,0.0,3.3199905659690236e-09,0.0,1.7446417487969241e-09,0.0,8.0,0.0,15.0,0.0
2025-01-05,1.0,0.0,4.253858239701707e-09,0.0,3.1004452309539875e-08,0.0,4.5,0.0,7.5,0.0
2025-01-06,14.0,0.0,3.545258980175233e-09,0.0,2.2346209510614765e-07,0.0,38.5,0.0,18.0,0.0
2025-01-07,0.0,0.0,1.4912949608873672e-08,0.0,7.083098437175744e-08,0.0,0.0,0.0,0.5,0.0
2025-01-08,0.0,0.0,2.7783073837474856e-11,0.0,4.858660819643618e-11,0.0,0.0,0.0,0.0,0.0
2025-01-09,0.5,0.0,2.1533210627746828e-11,0.0,4.6936533217789305e-11,0.0,4.5,0.0,0.0,0.0
2025-01-10,36.5,0.0,1.1902048849569122e-09,0.0,1.299495225637475e-09,0.0,44.0,0.0,27.5,0.0
2025-01-11,19.5,0.0,5.078583088838311e-10,0.0,1.836284141299257e-09,0.0,25.5,0.0,24.0,0.0
2025-01-12,20.0,0.0,5.505560468084721e-10,0.0,1.0148441893577389e-08,0.0,20.5,0.0,27.0,0.0
2025-01-13,9.5,0.0,4.307854002720285e-11,0.0,8.887435913238121e-09,0.0,8.5,0.0,6.5,0.0
2025-01-14,5.5,0.0,1.0324483696478147e-09,0.0,2.1219328941397207e-08,0.0,8.5,0.0,3.5,0.0
2025-01-15,7.0,0.0,4.809443193999263e-09,0.0,5.59898752537728e-08,0.0,2.0,0.0,3.5,0.0
2025-01-16,8.5,0.0,4.533163217101984e-08,0.0,8.605708147885482e-08,0.0,4.5,0.0,5.5,0.0
2025-01-17,31.0,0.0,1.9459443806909465e-07,0.0,1.2751096376503384e-07,0.0,52.0,0.0,4.5,0.0
2025-01-18,10.0,0.0,3.192537861141408e-09,0.0,5.857471487660809e-09,0.0,15.5,0.0,0.0,0.0
2025-01-19,2.0,0.0,2.437865417848649e-09,0.0,5.074881719167599e-09,0.0,15.5,0.0,0.0,0.0
2025-01-20,0.0,0.0,6.871205927065493e-09,0.0,1.5321810703606406e-08,0.0,0.0,0.0,0.0,0.0
2025-01-21,0.0,0.0,2.190118218320067e-09,0.0,2.1108482691411188e-10,0.0,0.0,0.0,0.0,0.0
2025-01-22,0.0,0.0,9.652312176076295e-10,0.0,2.340557365010162e-10,0.0,0.0,0.0,0.0,0.0
2025-01-23,0.0,0.0,7.239153061102833e-10,0.0,1.3438676354231358e-10,0.0,0.0,0.0,0.0,0.0
2025-01-24,10.0,0.0,2.3169192804056647e-10,0.0,8.941135808074418e-11,0.0,2.0,0.0,0.0,0.0
2025-01-25,0.0,0.0,1.625225010262108e-09,0.0,1.7099479518340452e-08,0.0,0.0,0.0,0.0,0.0
2025-01-26,0.0,0.0,3.096807058066151e-11,0.0,9.944236280830315e-11,0.0,0.0,0.0,0.0,0.0
2025-01-27,43.0,0.0,3.881689736187042e-11,0.0,7.217916494924563e-11,0.0,22.0,0.0,0.0,0.0
2025-01-28,13.0,0.0,5.4808193436010565e-11,0.0,1.579866809005517e-09,0.0,23.5,0.0,0.0,0.0
2025-01-29,0.0,0.0,2.7941304272896616e-10,0.0,5.6909804962712814e-09,0.0,0.0,0.0,0.0,0.0
2025-01-30,0.0,0.0,1.246082275183327e-11,0.0,5.893985269119187e-11,0.0,0.0,0.0,0.0,0.0
2025-01-31,0.0,0.0,3.8853569058000733e-10,0.0,1.979024318561938e-10,0.0,0.0,0.0,0.0,0.0
2025-02-01,0.0,0.0,3.5277699504361367e-10,0.0,1.6334734914710968e-10,0.0,0.0,0.0,0.0,0.0
2025-02-02,0.0,0.0,2.110681817970381e-10,0.0,1.0407710382502501e-10,0.0,0.0,0.0,0.0,0.0
2025-02-03,0.0,0.0,1.2381010695628743e-10,0.0,8.161550224299245e-11,0.0,0.0,0.0,0.0,0.0
2025-02-04,6.5,0.0,1.0075687405040685e-10,0.0,6.892996216326372e-11,0.0,7.0,0.0,0.0,0.0
2025-02-05,0.0,0.0,3.118926079050009e-09,0.0,6.7984674080166374e-09,0.0,2.0,0.0,0.0,0.0
2025-02-06,0.0,0.0,3.0658511808852576e-10,0.0,3.0589026589918907e-10,0.0,0.0,0.0,0.0,0.0
2025-02-07,0.0,0.0,3.512507997537031e-10,0.0,8.728811725053735e-11,0.0,0.0,0.0,0.0,0.0
2025-02-08,0.0,0.0,3.8781173661253975e-10,0.0,1.0365379918871097e-10,0.0,0.0,0.0,0.0,0.0
2025-02-09,0.0,0.0,2.3214946383128157e-10,0.0,8.240644943889309e-11,0.0,0.0,0.0,0.0,0.0
2025-02-10,0.0,0.0,1.417322715959098e-10,0.0,7.450282745503527e-11,0.0,0.0,0.0,0.0,0.0
2025-02-11,0.0,0.0,1.0403490659604552e-10,0.0,6.944514196852965e-11,0.0,0.0,0.0,0.0,0.0
2025-02-12,0.0,0.0,9.211607420498075e-11,0.0,6.579623090112975e-11,0.0,0.0,0.0,0.0,0.0
2025-02-13,0.0,0.0,9.034767045409945e-11,0.0,6.522446131787927e-11,0.0,0.0,0.0,0.0,0.0
2025-02-14,0.0,0.0,9.060877362425348e-11,0.0,6.523754190590566e-11,0.0,0.0,0.0,0.0,0.0
2025-02-18,0.5,0.32714906334877014,3.6551202377400164e-13,0.0,8.908726972833264e-12,9.559925079345703,12.0,0.940644383430481,0.0,0.31905144453048706
2025-02-21,0.0,0.15526752173900604,1.6737154151465017e-13,0.0,9.437198145281416e-12,4.231307029724121,0.0,0.3607204258441925,0.0,0.28945282101631165
2025-02-22,1.5,0.2256656140089035,1.576969166819179e-12,0.0,2.5234912368575146e-12,6.8557515144348145,0.5,1.0040032863616943,0.0,0.33475154638290405
2025-02-23,4.0,0.16382406651973724,2.494396528718735e-10,0.0,1.9787008236690275e-10,6.306865215301514,15.0,0.47210922837257385,0.0,0.33379876613616943
2025-02-24,17.5,0.13311921060085297,9.175026451811138e-10,0.0,1.2962664759321875e-09,3.912916660308838,3.5,0.348383367061615,0.0,0.3065926730632782
2025-02-25,24.0,0.14729224145412445,1.0551354515023611e-09,0.0,1.432127564848866e-08,0.0,5.5,0.5143955945968628,0.0,0.2874746322631836
2025-02-26,6.5,0.11635790020227432,6.105765502261943e-10,0.0,1.9426163098379294e-08,0.0,6.0,0.5775483846664429,0.0,0.7160841226577759
2025-02-27,13.0,0.10830190777778625,7.476664751715521e-09,0.0,3.036240093090516e-08,2.7126693725585938,8.0,0.29961881041526794,0.0,0.17523357272148132
2025-02-28,9.5,0.1470213383436203,9.545166584593284e-09,0.013486795127391815,5.1699900718609055e-08,2.3247129917144775,2.0,0.29653462767601013,0.0,0.31271296739578247
2025-03-01,0.0,0.4621718227863312,4.369394671050536e-08,0.04388050362467766,8.853113431308014e-08,3.2307276725769043,0.0,0.3527485430240631,0.0,0.5671168565750122
2025-03-02,0.0,0.25330328941345215,7.706541185827275e-10,0.03409172222018242,2.963535840673708e-10,1.9122836589813232,0.0,0.4772927165031433,0.0,0.11685585230588913
2025-03-03,0.0,0.17003819346427917,4.899208577967578e-10,0.0,2.16220362909808e-10,2.4804983139038086,0.0,0.5066735744476318,0.0,0.23862913250923157
2025-03-04,0.0,0.10355641692876816,3.718160345504158e-10,0.0,1.6340357875872292e-10,2.0377116203308105,0.0,0.2096266746520996,0.0,0.06535059958696365
2025-03-06,0.0,0.23868328332901,3.905647672630968e-12,0.0,6.20827169168817e-10,2.357630491256714,0.0,0.5660614967346191,0.0,0.16416767239570618
2025-03-07,0.0,0.27177226543426514,6.760528194213854e-13,0.0,7.092334936898059e-12,3.293727397918701,0.0,0.6240072250366211,0.0,0.30756449699401855
2025-03-08,0.0,0.5233656167984009,7.983067217038222e-12,0.0,3.344356014521348e-11,2.0624287128448486,0.0,0.557845950126648,0.0,0.1828775554895401
2025-03-09,0.0,0.42463770508766174,1.7735846066057608e-11,0.0,2.9688473666628294e-11,3.81888484954834,29.5,0.8021653890609741,0.0,0.42967918515205383
2025-03-10,1.0,0.053221382200717926,2.2433388134717887e-10,0.0,2.4268004049590585e-10,0.8489316701889038,4.0,0.1605960875749588,0.0,0.1484168916940689
2025-03-11,6.0,0.2676496207714081,1.0180632893879887e-07,0.0,2.5141250143585085e-08,8.898489952087402,6.5,0.4637061059474945,0.0,0.2735740542411804
2025-03-12,4.0,0.1813318282365799,8.55526851515655e-07,0.0,1.5742603783824125e-07,4.91473388671875,0.5,0.12394730001688004,0.0,0.17280671000480652
2025-03-13,3.0,0.01058254111558199,1.2429563407491184e-07,0.0,1.1095619582793561e-08,0.0,9.5,0.26335790753364563,0.0,0.001444033463485539
2025-03-25,0.0,0.05379611626267433,7.830223968505329e-13,0.0,2.9091750282894387e-12,2.341290235519409,0.0,0.24653974175453186,0.0,0.050571925938129425
2025-03-26,0.0,0.03158580884337425,3.043122072471317e-12,0.0,9.138368339601016e-13,1.6787919998168945,0.0,0.24334530532360077,0.0,0.10235278308391571
2025-03-28,11.0,0.19137124717235565,4.417705759418748e-12,0.0,2.8641203156936577e-10,8.67274284362793,7.0,0.7339520454406738,0.0,0.2524665296077728
2025-03-29,1.0,0.013355251401662827,4.288025225529592e-12,0.0,6.954546906361431e-10,4.443062782287598,26.0,0.25542017817497253,0.0,0.07246361672878265
2025-03-30,3.5,0.029049227014183998,1.0559148460939216e-11,0.0,1.01843537484508e-10,1.8308792114257812,0.5,0.7961781024932861,2.5,0.15042339265346527
2025-03-31,0.0,0.0,3.296956719313215e-09,0.0,1.5198147466459895e-08,0.0,2.0,7.638143298961297e-38,0.0,0.0
2025-04-01,3.5,1.1563742191356141e-05,7.63510749912093e-10,0.0,1.6926400101673015e-09,1.0604672928639022e-14,3.0,0.0,0.0,1.1034970911922808e-24
2025-04-02,27.0,0.0,7.352896826531528e-08,0.0,1.590870370787363e-07,0.0,49.0,0.0,6.5,0.0
2025-04-03,5.5,0.0,1.4167285916552272e-08,0.0,2.1337560608242796e-08,0.0,14.5,0.0,5.0,0.0
2025-04-04,36.5,0.0,1.203470752680789e-07,0.0,9.159346744374312e-07,0.0,26.0,0.0,8.5,0.0
2025-04-05,0.0,0.0,2.4076086536731854e-09,0.0,1.1489314880033745e-08,0.0,0.0,4.81965766568486e-20,0.5,0.0
2025-04-06,0.0,0.0,8.11488436264924e-12,0.0,4.4114198532500586e-11,0.0,0.0,0.0,0.0,0.0
2025-04-07,8.0,0.0,1.4592320054938176e-11,0.0,5.4147096861626487e-11,0.0,16.5,0.0,15.0,0.0
2025-04-08,1.5,0.0,1.7387910506556418e-08,0.0,3.5723339263421735e-08,0.0,3.5,0.0,5.5,0.0
2025-04-09,3.0,0.0,8.550902622714076e-09,0.0,1.5172835258056978e-07,0.0,0.0,0.0,0.5,0.0
2025-04-10,1.0,0.0,1.0079269148861459e-09,0.0,3.2119426404215876e-09,0.0,0.0,0.0,0.0,0.0
2025-04-11,2.0,0.0,9.25361285715924e-10,0.0,7.78008186242154e-10,0.0,0.0,0.0,0.5,0.0
2025-04-12,13.5,0.0,1.223065686882293e-09,0.0,4.58224291345384e-09,0.0,8.5,0.0,0.0,0.0
2025-04-13,4.0,0.0,1.4265688059803423e-09,0.0,6.4980552926149265e-09,0.0,0.5,0.0,0.0,0.0
2025-04-14,0.0,0.0,2.4668115552312603e-09,0.0,5.541251866548408e-09,0.0,0.0,0.0,0.0,0.0
2025-04-15,2.5,0.0,2.963446311607537e-10,0.0,1.8511888286344136e-10,0.0,0.5,0.0,22.0,0.0
2025-04-16,7.5,0.0,6.1590109385779635e-09,0.0,1.636003379672739e-07,0.0,9.5,0.0,3.5,0.0
2025-04-18,1.5,0.0,6.797242783927814e-12,0.0,4.925185733706277e-10,0.0,0.5,0.0,17.5,0.0
2025-04-19,0.0,0.0,2.382316121529781e-10,0.0,1.5614507380456475e-09,0.0,0.0,5.639009970082043e-08,0.0,0.0
2025-04-20,0.0,0.0,1.4602261344134982e-10,0.0,4.0736926585120775e-11,0.0,0.0,0.0,0.0,0.0
2025-04-21,4.0,0.0,2.0476050281793996e-10,0.0,6.583888878874018e-11,0.0,44.5,0.0,4.5,0.0
2025-04-22,5.0,0.0,3.3358500462114634e-08,0.0,1.6886343442073063e-08,0.0,6.5,0.0,18.0,0.0
2025-04-23,0.0,0.0,3.81863659078719e-08,0.0,2.3108350729041545e-07,0.0,20.0,0.0,0.0,0.0
2025-04-24,24.0,0.0,8.189548194454057e-10,0.0,1.6624085610777486e-09,0.0,0.0,0.0,0.0,0.0
2025-04-25,0.0,0.0,1.0802327651019648e-08,0.0,2.2597704769176107e-09,0.0,21.0,0.0,0.0,0.0
2025-04-26,0.5,0.0,1.2271843209150924e-08,0.0,5.9555233577965735e-09,0.0,3.0,0.0,11.0,0.0
2025-04-27,0.0,0.0,9.741923038734509e-08,0.0,3.3093363587956674e-08,0.0,0.0,0.0,0.0,0.0
2025-04-28,0.0,0.0,5.0971429175380125e-09,0.0,6.702413415069727e-10,0.0,19.0,0.0,0.0,0.0
2025-04-29,0.0,0.0,1.1995044051735682e-08,0.0,1.891600458383163e-09,0.0,0.0,0.0,0.0,0.0
2025-04-30,0.0,0.0,3.24000448641201e-09,0.0,6.910534136142521e-11,0.0,3.0,0.0,0.0,0.0
2025-05-01,13.0,0.0,4.543725669454694e-09,0.0,1.017128975456112e-09,0.0,0.0,0.0,0.0,0.0
2025-05-02,0.5,0.0,2.705221354726085e-08,0.0,6.6576482029823686e-09,0.0,0.0,0.0,0.0,0.0
2025-05-03,28.5,0.0,2.527555715908917e-09,0.0,6.251541862166496e-10,0.0,37.0,0.0,0.0,0.0
2025-05-04,4.0,0.0,4.678215618690121e-10,0.0,1.435458688621198e-09,0.0,3.0,0.0,2.0,0.0
2025-05-05,2.0,0.0,4.0524240430357724e-08,0.0,2.804139635271745e-07,0.0,0.0,0.0,0.5,0.0
2025-05-06,0.0,0.0,3.443418632897794e-09,0.0,9.794854725186408e-09,0.0,0.0,0.0,0.0,0.0
2025-05-07,0.0,0.0,7.812658768037082e-10,0.0,2.9934416556586006e-10,0.0,6.0,0.0,0.0,0.0
2025-05-08,9.0,0.0,6.09188786273181e-10,0.0,4.825236725900725e-10,0.0,8.0,0.0,28.5,0.0
2025-05-09,3.5,0.0,1.5325319018921898e-08,0.0,1.4825120787404965e-07,0.0,0.0,0.0,0.5,0.0
2025-05-10,37.0,0.0,2.7969749332141967e-09,0.0,4.265107902604051e-09,0.0,6.5,0.0,9.0,0.0
2025-05-11,1.0,0.0,1.4729373304268347e-09,0.0,1.4990164956816788e-08,0.0,0.0,0.0,0.5,0.0
2025-05-12,6.0,0.0,3.061347941535337e-11,0.0,8.080088668832471e-10,0.0,0.0,0.0,32.5,0.0
2025-05-13,0.0,0.0,2.4043749751693085e-10,0.0,2.7244531044554485e-08,0.0,0.0,0.0,0.5,0.0
2025-05-14,0.5,0.0,1.225221779330931e-10,0.0,3.0297970682156643e-10,0.0,0.0,0.0,0.0,0.0
2025-05-15,0.5,0.0,9.847155674747359e-10,0.0,9.611153763107935e-10,0.0,2.0,0.0,1.0,0.0
2025-05-17,0.0,0.0,3.178995041064378e-12,0.0,2.4241325543643705e-10,0.0,0.0,0.0,0.0,0.0
2025-05-18,30.0,0.0,8.52981864894489e-13,0.0,4.139375818921997e-12,0.0,5.5,0.0,0.5,0.0
2025-05-19,0.0,0.0,7.480689770079417e-11,0.0,2.704519114882205e-09,0.0,0.0,0.0,2.5,0.0
2025-05-20,1.0,0.0,7.884576257522325e-13,0.0,8.706232567348646e-11,0.0,2.0,0.0,4.5,0.0
2025-05-22,1.0,0.0,4.660969337665854e-12,0.0,4.465346256332815e-10,0.0,13.5,0.0,14.5,0.0
2025-05-23,27.0,0.0,2.585438415095066e-10,0.0,1.4806349905839756e-09,0.0,22.5,0.0,8.0,0.0
2025-05-24,10.0,0.0,1.571655681669715e-09,0.0,2.7338535096069893e-09,0.0,2.5,0.0,24.5,0.0
2025-05-25,70.0,0.0,6.768768309584539e-11,0.0,3.68489584254244e-09,0.0,14.0,0.0,1.0,0.0
2025-05-26,2.0,0.0,1.3466175816297332e-12,0.0,4.5005993414933337e-10,0.0,1.0,0.0,2.5,0.0
2025-05-27,12.5,0.0,3.176923591552983e-11,0.0,1.0056636050260545e-08,0.0,35.0,0.0,6.5,0.0
2025-05-28,0.0,0.0,1.760959552385227e-09,0.0,9.299776390186488e-09,0.0,0.0,0.0,0.0,0.0
2025-05-29,15.0,0.0,3.423886340088425e-11,0.0,4.7895339774398517e-11,0.0,10.5,0.0,54.5,0.0
2025-05-30,0.0,0.0,4.5711021916751104e-10,0.0,2.278532156351221e-08,0.0,0.0,0.0,0.0,0.0
2025-05-31,0.5,0.0,1.8028774344606223e-11,0.0,3.8259443021844535e-11,0.0,28.5,0.0,2.5,0.0
2025-06-01,0.0,0.0,8.098155313534334e-10,0.0,2.801472062513736e-09,0.0,0.0,0.0,0.0,0.0
2025-06-02,0.0,0.0,5.563184042728056e-10,0.0,3.3470089673243594e-11,0.0,0.0,0.0,0.5,0.0
2025-06-03,0.0,0.0,2.3136889066783338e-10,0.0,8.887914131434188e-11,0.0,0.0,0.0,0.0,0.0
2025-06-04,0.0,0.0,2.163955620999161e-10,0.0,5.4475306659811485e-11,0.0,0.0,0.0,0.0,0.0
2025-06-05,2.0,0.0,1.2596908483725249e-10,0.0,4.5866353394170135e-11,0.0,0.0,0.0,18.5,0.0
2025-06-06,0.0,0.0,1.4082209213591447e-09,0.0,2.2586889005921065e-08,0.0,0.0,0.0,0.0,0.0
2025-06-07,0.0,0.0,3.3943727498310636e-10,0.0,1.1839976380846056e-10,0.0,7.0,0.0,2.5,0.0
2025-06-08,0.0,0.0,7.70091951256659e-09,0.0,2.780862687420464e-09,0.0,0.0,0.0,0.0,0.0
2025-06-09,14.0,0.0,6.95106227303986e-10,0.0,4.6900074557546266e-11,0.0,20.0,0.0,5.5,0.0
2025-06-10,0.0,0.0,1.6962541969778997e-07,0.0,3.6089316514106443e-08,0.0,0.5,0.0,1.0,0.0
2025-06-11,0.0,0.0,6.833413814707756e-11,0.0,9.090685074113301e-11,0.0,0.0,0.0,0.0,0.0
2025-06-12,0.0,0.0,4.698809366160114e-11,0.0,3.5807973293835126e-11,0.0,0.0,0.0,0.0,0.0
2025-06-13,0.0,0.0,1.4199830019090083e-10,0.0,4.7419510874549e-11,0.0,0.0,0.0,0.5,0.0
2025-06-14,0.0,0.0,6.593243700058491e-11,0.0,7.944147249633858e-11,0.0,0.0,0.0,0.0,0.0
2025-06-15,0.0,0.0,7.207865758486085e-11,0.0,4.7235209372919177e-11,0.0,0.0,0.0,1.0,0.0
2025-06-16,0.0,0.0,2.82940797060482e-11,0.0,1.2456010412073054e-10,0.0,0.0,0.0,0.5,0.0
2025-06-17,26.0,0.0,1.835214564437711e-11,0.0,5.901601150908713e-11,0.0,49.5,0.0,2.5,0.0
2025-06-18,3.0,0.0,6.34588116656253e-11,0.0,1.7794349561080415e-09,0.0,2.5,0.0,0.5,0.0
2025-06-19,0.5,0.0,4.226403338487762e-10,0.0,1.0444315127839449e-08,0.0,1.5,0.0,3.0,0.0
2025-06-20,0.0,0.0,5.850199214436931e-10,0.0,8.431297807433677e-09,0.0,0.0,0.0,0.0,0.0
2025-06-21,0.0,0.0,2.5218659290626697e-10,0.0,9.642690800201529e-11,0.0,0.0,0.0,0.0,0.0
2025-06-22,0.0,0.0,3.261196683178457e-10,0.0,8.299611274269541e-11,0.0,0.0,0.0,0.0,0.0
2025-06-23,0.0,0.0,2.4018415815196887e-10,0.0,7.259787473568472e-11,0.0,1.5,0.0,0.5,0.0
2025-06-24,11.0,0.0,6.640877383474984e-10,0.0,5.626468091103664e-10,0.0,0.0,0.0,0.0,0.0
2025-06-25,0.0,0.0,8.183795328394755e-09,0.0,5.217229601067646e-09,0.0,1.0,0.0,0.0,0.0
2025-06-26,0.0,0.0,7.731424691772752e-10,0.0,3.62975807464193e-10,0.0,0.0,0.0,0.0,0.0
2025-06-27,0.0,0.0,2.9246855371783055e-10,0.0,1.0701226335714815e-10,0.0,2.5,0.0,0.0,0.0
2025-06-28,2.0,0.0,1.4985821901943362e-09,0.0,7.983664489290829e-10,0.0,7.5,0.0,47.0,0.0
2025-06-29,5.0,0.0,5.925480425055557e-09,0.0,9.534672825773982e-08,0.0,1.0,0.0,3.5,0.0
2025-06-30,0.0,0.0,3.453375294668962e-08,0.0,1.2054715251811634e-07,0.0,0.0,0.0,0.0,0.0
2025-07-01,0.0,0.0,8.932284816374186e-11,0.0,9.29214522945698e-11,0.0,0.0,0.0,0.0,0.0
2025-07-02,8.0,0.0,1.7269604286946183e-10,0.0,1.0831604381982688e-10,0.0,34.0,0.0,3.0,0.0
2025-07-03,40.5,0.0,5.09451697218669e-08,0.0,3.7931745116672654e-08,0.0,0.5,0.0,5.0,0.0
2025-07-04,0.0,0.0,9.504053735009618e-10,0.0,5.1661471793492474e-08,0.0,0.0,0.0,10.0,0.0
2025-07-05,0.5,0.0,5.1594437220687485e-11,0.0,6.071294960727602e-10,0.0,0.0,0.0,0.5,0.0
2025-07-06,0.0,0.0,6.610395775100827e-10,0.0,1.5852611845794607e-09,0.0,0.0,0.0,0.0,0.0
2025-07-07,0.0,0.0,5.687390827321973e-10,0.0,1.5739530505696722e-10,0.0,0.0,0.0,0.0,0.0
2025-07-08,2.0,0.0,1.8395372741748504e-10,0.0,7.890759132470665e-11,0.0,2.5,0.0,2.5,0.0
2025-07-09,0.0,0.0,7.496835151855844e-08,0.0,1.0014732099086025e-07,0.0,0.0,0.0,0.0,0.0
2025-07-10,0.0,0.0,1.813549768126284e-10,0.0,5.827143846299523e-11,0.0,0.0,0.0,0.0,0.0
2025-07-11,0.0,0.0,1.8908709607122635e-10,0.0,6.925628927356493e-11,0.0,0.0,0.0,0.5,0.0
2025-07-12,1.5,0.0,1.172179220828525e-10,0.0,1.0650028139274055e-10,0.0,39.5,0.0,4.0,0.0
2025-07-13,0.0,0.0,1.0892173930893634e-08,0.0,1.5927580351683544e-08,0.0,0.0,0.0,0.0,0.0
2025-07-14,0.0,0.0,1.7328099040285946e-10,0.0,2.3017673912087752e-11,0.0,0.5,0.0,0.0,0.0
2025-07-15,0.0,0.0,4.3461585037015646e-10,0.0,1.4659498494386394e-10,0.0,0.0,0.0,0.0,0.0
2025-07-16,4.0,0.0,3.1768934458100246e-10,0.0,6.666151971182119e-11,0.0,0.0,0.0,0.5,0.0
2025-07-17,0.0,0.0,9.528488632196313e-09,0.0,8.768615408572632e-09,0.0,0.0,0.0,0.0,0.0
2025-07-18,0.0,0.0,2.1879445733149843e-10,0.0,1.4968619474529572e-10,0.0,0.0,0.0,0.0,0.0
2025-07-19,0.0,0.0,1.4875893273831602e-10,0.0,1.1534518183642768e-10,0.0,0.0,0.0,0.0,0.0
2025-07-20,0.0,0.0,1.6245512925842448e-10,0.0,1.029364787319084e-10,0.0,0.0,0.0,0.0,0.0
2025-07-21,0.0,0.0,1.2621514273610938e-10,0.0,7.785429566432156e-11,0.0,0.0,0.0,0.0,0.0
2025-07-22,0.0,0.0,1.0366976658065424e-10,0.0,7.063852597902132e-11,0.0,0.0,0.0,0.0,0.0
2025-07-23,0.0,0.0,9.72503147790292e-11,0.0,6.687859635391623e-11,0.0,0.0,0.0,0.0,0.0
2025-07-24,0.0,0.0,9.141595892284251e-11,0.0,6.535499980189216e-11,0.0,0.0,0.0,0.0,0.0
2025-07-25,0.0008547873257202,0.0,9.097048161104372e-11,0.0,6.525301268899067e-11,0.0,3.0,0.0,33.0,0.0
2025-07-26,0.0,0.0,1.0172959443172569e-11,0.0,4.0332239684317114e-09,0.0,0.0,0.0,13.5,0.0
2025-07-27,0.0,0.0,1.1776408769307848e-10,0.0,2.0686411352046562e-10,0.0,0.0,0.0,0.0,0.0
2025-07-28,0.0,0.0,8.952928932168498e-11,0.0,3.8890661885828656e-11,0.0,0.0,0.0,0.0,0.0
2025-07-29,2.5,0.0,5.085961393778241e-10,0.0,6.132055791144352e-11,0.0,2.5,0.0,20.0,0.0
2025-07-30,11.0,0.0,5.1229832360658765e-09,0.0,4.110086850405314e-08,0.0,0.0,0.0,9.5,0.0
2025-07-31,0.0,0.0,4.553661559248804e-09,0.0,2.3588172866141906e-08,0.0,0.5,0.0,0.5,0.0
2025-08-01,0.0,0.0,1.3106210396530575e-10,0.0,4.504017211287172e-10,0.0,0.0,0.0,0.0,0.0
2025-08-02,0.0,0.0,1.7236949926212746e-10,0.0,1.4920501246331395e-10,0.0,0.0,0.0,0.0,0.0
2025-08-03,0.0,0.0,2.705451631736694e-10,0.0,8.231896175126593e-11,0.0,0.0,0.0,0.0,0.0
2025-08-04,34.5,0.0,1.6426887288991948e-10,0.0,6.616342598127954e-11,0.0,39.0,0.0,0.5,0.0
2025-08-05,0.0,0.0,8.234814978985126e-11,0.0,1.015342812155253e-09,0.0,0.0,0.0,0.5,0.0
2025-08-06,0.0,0.0,2.623616579138554e-12,0.0,3.747333897235888e-11,0.0,2.0,0.0,0.0,0.0
2025-08-07,0.0,0.0,5.654658548811843e-11,0.0,3.0387942426403504e-10,0.0,0.0,0.0,0.0,0.0
2025-08-08,0.0,0.0,2.2417101767663371e-10,0.0,8.973707945668787e-11,0.0,0.0,0.0,0.0,0.0
2025-08-09,0.0,0.0,1.8713161893439875e-10,0.0,7.381220842387463e-11,0.0,5.5,0.0,0.0,0.0
2025-08-10,0.0,0.0,4.2391816157737707e-10,0.0,1.9574824400251614e-10,0.0,0.0,0.0,0.0,0.0
2025-08-11,21.0,0.0,2.748489641372138e-10,0.0,4.927765287875422e-11,0.0,3.0,0.0,5.5,0.0
2025-08-12,38.5,0.0,3.539160310573121e-08,0.0,3.66425348858876e-08,0.0,7.5,0.0,0.5,0.0
2025-08-13,16.0,0.0,9.575606518271308e-11,0.0,2.9261605280983277e-09,0.0,6.0,0.0,0.0,0.0
2025-08-14,0.0,0.0,1.1867636727276263e-10,0.0,1.532366593156552e-08,0.0,6.0,0.0,68.0,0.0
2025-08-15,2.0,0.0,4.596545392592748e-13,0.0,1.2321475179493866e-09,0.0,0.5,0.0,4.5,0.0
2025-08-16,0.0,0.0,8.589779455686147e-09,0.0,3.691200954674853e-08,0.0,0.0,0.0,0.0,0.0
2025-08-17,0.5,0.0,1.5051627979176818e-10,0.0,1.9058922079337808e-10,0.0,0.0,0.0,0.0,0.0
2025-08-18,14.5,0.0,9.94946945620139e-10,0.0,4.3990280570086945e-10,0.0,0.5,0.0,0.5,0.0
2025-08-19,1.0,0.0,7.701145098880367e-09,0.0,1.1627984088897102e-08,0.0,0.5,0.0,0.0,0.0
2025-08-20,19.5,0.0,1.2070618963502156e-09,0.0,2.6550798399382808e-09,0.0,12.0,0.0,1.0,0.0
2025-08-21,0.0,0.0,1.669613569590225e-09,0.0,1.7147239065292613e-08,0.0,0.0,0.0,0.5,0.0
2025-08-22,0.0,0.0,2.191867149891032e-11,0.0,1.3261924158166343e-10,0.0,0.0,0.0,0.0,0.0
2025-08-23,3.0,0.0,6.551564495483464e-11,0.0,7.843694663786916e-11,0.0,0.0,0.0,5.0,0.0
2025-08-24,0.0,0.0,4.761281703444961e-09,0.0,3.685878909053284e-08,0.0,0.0,0.0,0.0,0.0
2025-08-25,0.0,0.0,1.930958353326384e-10,0.0,9.505563454280849e-11,0.0,0.0,0.0,0.5,0.0
2025-08-26,12.0,0.0,1.61471843789764e-10,0.0,2.4538888457298007e-10,0.0,4.5,0.0,1.5,0.0
2025-08-27,7.5,0.0,3.966075108834603e-09,0.0,3.179039841251594e-08,0.0,23.0,0.0,12.5,0.0
2025-08-28,18.0,0.0,1.1743337216368369e-08,0.0,5.693501894121253e-08,0.0,3.5,0.0,4.0,0.0
2025-08-29,1.0,0.0,1.3799155170678186e-08,0.0,2.0097044544973182e-08,0.0,18.0,0.0,9.5,0.0
2025-08-30,0.0,0.0,1.0858878376697124e-09,0.0,1.6677410965953914e-08,0.0,0.0,0.0,1.0,0.0
2025-08-31,0.0,0.0,8.385204616922871e-11,0.0,1.1567663313204118e-10,0.0,0.0,0.0,0.0,0.0
2025-09-01,0.0,0.0,8.675290804783395e-11,0.0,5.7103189700098194e-11,0.0,0.0,0.0,5.5,0.0
2025-09-02,0.0,0.0,3.707131846258236e-10,0.0,2.686520964623775e-10,0.0,0.0,0.0,6.0,0.0
2025-09-05,0.0,0.0,1.1614570300708626e-12,0.0,1.1365079410887687e-11,0.0,9.5,0.0,8.0,0.0
2025-09-06,0.0,0.0,8.291807060339621e-11,0.0,1.2179893768519944e-11,0.0,0.0,0.0,0.0,0.0
2025-09-07,0.0,0.0,3.9952495331930656e-11,0.0,3.352316782853031e-12,0.0,2.5,0.0,0.5,0.0
2025-09-08,16.0,0.0,2.2629197424641518e-10,0.0,1.2409882921678463e-10,0.0,22.5,0.0,2.5,0.0
2025-09-09,0.0,0.0,6.778126639490428e-09,0.0,1.4463045519229441e-08,0.0,0.5,0.0,0.5,0.0
2025-09-10,19.5,0.0,4.426179681598935e-11,0.0,9.36666801886488e-11,0.0,19.0,0.0,2.5,0.0
2025-09-11,3.0,0.0,9.119085090920678e-09,0.0,1.539602680701872e-08,0.0,47.5,0.0,6.5,0.0
2025-09-12,14.5,0.0,1.2170076473361172e-08,0.0,9.131709921327809e-09,0.0,17.0,0.0,0.5,0.0
2025-09-13,0.0,0.0,2.1711478850868023e-08,0.0,7.327836026044482e-09,0.0,0.0,0.0,0.5,0.0
2025-09-14,0.0,0.0,6.60490146638204e-11,0.0,9.270598548704066e-11,0.0,4.0,0.0,0.0,0.0
2025-09-15,,,,,,,,,0.5,0.0
2025-09-16,,,,,,,,,53.5,0.0
2025-09-17,,,,,,,,,6.5,0.0
2025-09-18,,,,,,,,,0.0,0.0
2025-09-19,17.5,0.0,3.7267916891144425e-14,0.0,1.2082535782617497e-12,0.0,17.5,0.0,51.0,0.0
2025-09-20,7.5,0.0,2.3138372721060743e-11,0.0,6.698683180778167e-11,0.0,3.0,0.0,0.0,0.0
2025-09-21,0.0,0.0,2.178152253454784e-11,0.0,1.1079144775052926e-09,0.0,0.0,0.0,0.0,0.0
2025-09-22,0.0,0.0,2.804349081890448e-13,0.0,2.7048825191376584e-11,0.0,0.0,0.0,1.0,0.0
2025-09-23,0.0,0.0,3.442498892009133e-12,0.0,1.0544688204806588e-10,0.0,1.0,0.0,0.0,0.0
2025-09-24,0.0,0.0,4.3223436564230197e-11,0.0,1.3364956844986306e-10,0.0,0.5,0.0,64.5,0.0
2025-09-25,4.0,0.0,7.555266823900372e-11,0.0,1.057516854476298e-09,0.0,6.5,0.0,2.5,0.0
2025-09-26,0.0,0.0,5.161193129583504e-07,0.0,5.088482464278712e-07,0.0,0.0,0.0,0.0,0.0
2025-09-27,0.0,0.0,1.0399170575285955e-09,0.0,1.7716452107590031e-10,0.0,0.0,0.0,13.0,0.0
2025-09-28,32.5,0.0,1.534266976571987e-09,0.0,1.8409468334178922e-09,0.0,14.0,0.0,4.0,0.0
2025-09-29,11.0,0.0,1.0132033536672627e-08,0.0,1.3263607117195882e-08,0.0,24.0,0.0,42.5,0.0
2025-09-30,3.0,0.0,5.009139322174355e-09,0.0,1.932195740222948e-08,0.0,2.0,0.0,5.0,0.0
2025-10-01,23.5,0.0,2.707278253411708e-09,0.0,3.6005465237849065e-08,0.0,5.0,0.0,0.0,0.0
2025-10-02,0.0,0.0,6.773816638134509e-11,0.0,3.9174995855158094e-09,0.0,1.0,0.0,0.5,0.0
2025-10-03,,,,,,,,,11.0,0.0
2025-10-04,,,,,,,,,0.5,0.0
2025-10-05,,,,,,,,,0.0,0.0
2025-10-06,,,,,,,,,6.0,0.0
2025-10-07,37.5,0.0,1.3490450751666484e-12,0.0,9.18806396696331e-12,0.0,20.5,0.0,0.5,0.0
2025-10-08,25.0,0.0,8.211704527104529e-13,0.0,8.016707132276814e-11,0.0,4.0,0.0,1.5,0.0
2025-10-09,8.5,0.0,9.383459527140627e-12,0.0,5.9794129100692e-09,0.0,18.0,0.0,19.0,0.0
2025-10-10,6.0,0.0,2.0831445191158787e-10,0.0,1.184679132208126e-08,0.0,47.0,0.0,21.5,0.0
2025-10-11,6.0,0.0,2.407580158560017e-09,0.0,8.654353344275333e-09,0.0,15.0,0.0,6.0,0.0
2025-10-12,0.5,0.0,5.995423267084005e-08,0.0,6.469588696102893e-07,0.0,0.0,0.0,0.5,0.0
2025-10-13,0.0,0.0,9.952319890632292e-11,0.0,4.2548606588902606e-10,0.0,0.0,0.0,0.0,0.0
2025-10-14,33.0,0.0,1.910475450116464e-10,0.0,6.951939627027165e-11,0.0,16.0,0.0,18.5,0.0
2025-10-15,2.5,0.0,3.91140507527842e-10,0.0,2.35185240341976e-09,0.0,4.0,0.0,28.5,0.0
2025-10-16,,,,,,,,,0.0,0.0
2025-10-17,,,,,,,,,0.0,0.0
2025-10-18,,,,,,,,,0.0,0.0
2025-10-19,,,,,,,,,12.5,0.0
2025-10-20,,,,,,,,,1.5,0.0
2025-10-21,,,,,,,,,26.0,0.0
2025-10-22,,,,,,,,,0.5,0.0
2025-10-23,,,,,,,,,0.0,0.0
2025-10-24,,,,,,,,,33.5,0.0
2025-10-25,,,,,,,,,2.0,0.0
2025-10-26,,,,,,,,,4.5,0.0
2025-10-27,,,,,,,,,0.0,0.0
2025-10-28,,,,,,,,,4.0,0.0
2025-10-29,,,,,,,,,0.0,0.0
2025-10-30,,,,,,,,,0.0,0.0
2025-10-31,,,,,,,,,0.0,0.0
2025-11-01,13.5,0.0,1.6984061062494556e-14,0.0,1.6363913847129265e-12,0.0,9.5,0.0,12.0,0.0
2025-11-02,2.5,0.0,3.099062921186605e-11,0.0,6.966192285946696e-10,0.0,3.0,0.0,4.5,0.0
2025-11-04,1.5,0.0,1.1821044213636188e-12,0.0,1.4645802349275315e-10,0.0,1.5,0.0,5.5,0.0
2025-11-05,8.5,0.0,4.234235134182778e-11,0.0,2.411044198089127e-09,0.0,36.5,0.0,11.5,0.0
2025-11-06,1.5,0.0,2.844690593882257e-09,0.0,6.3478502827046595e-09,0.0,54.0,0.0,26.0,0.0
2025-11-07,0.5,0.0,8.85160023929708e-10,0.0,3.147802115989698e-09,0.0,31.5,0.0,0.5,0.0
2025-11-10,4.5,0.0,1.706928770430555e-13,0.0,7.536403028475331e-12,0.0,23.5,0.0,38.0,0.0
2025-11-11,11.0,0.0,2.6198952401474367e-10,0.0,1.420524683481643e-10,0.0,17.5,0.0,21.0,0.0
2025-11-12,0.5,0.0,1.6239179453585883e-09,0.0,1.358409626647798e-09,0.0,0.5,0.0,4.0,0.0
2025-11-13,0.0,0.0,2.4846878296791066e-12,0.0,2.0216108277503028e-10,0.0,0.0,0.0,1.0,0.0
2025-11-18,22.0,0.0,3.302916999095853e-13,0.0,2.040911093295965e-12,0.0,11.5,0.0,0.0,0.0
2025-11-19,1.5,0.0,1.922702886643397e-11,0.0,3.303064030618148e-11,0.0,2.0,0.0,12.0,0.0
2025-11-20,33.5,0.0,1.8731904479878619e-10,0.0,3.734713881599467e-09,0.0,36.0,0.0,9.5,0.0
2025-11-21,44.0,0.0,4.893929932469316e-10,0.0,1.8500572528974235e-09,0.0,10.0,0.0,6.5,0.0
2025-11-24,23.5,0.0,2.152682869207892e-13,0.0,3.994684774421694e-12,0.0,9.0,0.0,20.5,0.0
2025-11-25,1.0,0.0,1.038335540528647e-12,0.0,1.42932245670066e-10,0.0,2.5,0.0,16.5,0.0
2025-11-26,12.0,0.0,9.930626918583322e-13,0.0,2.93892840054475e-10,0.0,17.0,0.0,28.5,0.0
2025-11-27,,,,,,,,,258.5,0.0
2025-11-28,46.0,0.0,4.199247840876031e-15,0.0,5.877673142675253e-12,0.0,54.5,0.0,223.0,0.0
2025-11-30,0.5,0.0,1.040422258843946e-13,0.0,1.3538700559551062e-11,0.0,1.0,0.0,0.0,0.0
2025-12-01,0.0,0.0,6.361582407322533e-13,0.0,5.5569677658542205e-11,0.0,0.0,0.0,0.0,0.0
2025-12-02,0.0,0.0,1.547135209047507e-10,0.0,3.608865477269313e-11,0.0,0.0,0.0,6.0,0.0
2025-12-03,0.0,0.0,1.8197342836573636e-10,0.0,2.7733557688501137e-10,0.0,0.0,0.0,5.5,0.0
2025-12-04,0.0,0.0,8.111644484532885e-10,0.0,5.510016041528446e-10,0.0,0.0,0.0,4.98575745623653,0.0
2025-12-05,0.0,0.0,1.0800663008983651e-09,0.0,3.9753222170436366e-10,0.0,3.0,0.0,8.0,0.0
2025-12-06,30.5,0.0,3.206019611569786e-09,0.0,2.410940819424065e-09,0.0,34.5,0.0,53.0,0.0
2025-12-07,1.5,0.0,1.823892048662818e-09,0.0,5.9522152405028806e-09,0.0,0.0,0.0,1.5,0.0
2025-12-08,0.0,0.0,1.1020568473652551e-10,0.0,7.428301903035763e-10,0.0,0.0,0.0,0.5,0.0
2025-12-10,0.0,0.0,1.3596953787708433e-12,0.0,1.0598705521720676e-10,0.0,0.0,0.0,0.5,0.0
2025-12-11,0.0,0.0,1.4805136191381149e-13,0.0,7.740794037708526e-12,0.0,0.0,0.0,0.0,0.0
2025-12-12,0.0,0.0,4.930651129951075e-12,0.0,2.1881054305759876e-11,0.0,0.5,0.0,7.5,0.0
2025-12-13,3.5,0.0,2.192448043920297e-11,0.0,3.0437141153745484e-10,0.0,13.5,0.0,11.0,0.0
2025-12-14,36.0,0.0,1.842879663864832e-08,0.0,1.2091920399564133e-07,0.0,64.5,0.0,178.5,0.0
2025-12-15,129.5,0.0,1.379853821944156e-11,0.0,1.667935477879711e-09,0.0,91.0,0.0,33.5,0.0
2025-12-16,102.0,0.0,1.3766443896697953e-13,0.0,6.039871426441117e-10,0.0,233.5,0.0,40.5,0.0
2025-12-18,68.5,0.0,4.525839097352831e-15,0.0,8.967906810929837e-12,0.0,142.0,0.0,40.0,0.0
2025-12-19,0.5,0.0,9.265106680412731e-14,0.0,7.08488576871161e-11,0.0,2.0,0.0,21.0,0.0
2025-12-20,0.5,0.0,4.509826160749501e-13,0.0,1.8380311868296987e-10,0.0,0.0,0.0,0.0,0.0
2025-12-21,0.0,0.0,4.042033271501593e-13,0.0,3.1544117976012675e-10,0.0,0.0,0.0,0.0,0.0
2025-12-22,,,,,,,,,0.5,0.0
2025-12-23,0.0,0.0,2.158026029014757e-13,0.0,1.4026964749315026e-11,0.0,0.0,0.0,0.0,0.0
2025-12-24,0.0,0.0,1.4788360484891277e-12,0.0,8.82293165791232e-12,0.0,0.0,0.0,0.0,0.0
2025-12-25,0.0,0.0,6.727903631862789e-12,0.0,2.1999813712064236e-11,0.0,0.0,0.0,10.5,0.0
2025-12-26,26.0,0.0,4.8862310564326165e-11,0.0,3.948602673953743e-10,0.0,18.5,0.0,45.0,0.0
2025-12-27,6.5,0.0,1.5850688645796364e-10,0.0,5.11533211450402e-09,0.0,10.5,0.0,2.0,0.0
2025-12-28,3.0,0.0,1.880253749945683e-09,0.0,4.3066027154388876e-08,0.0,4.0,0.0,4.0,0.0
2025-12-29,5.5,0.0,4.851211390347223e-09,0.0,1.6169887431798084e-07,0.0,3.5,0.0,3.0,0.0
2025-12-30,0.0,0.0,1.4621345114311657e-07,0.0,3.0283214204067575e-07,0.0,0.0,0.0,0.5,0.0
2025-12-31,0.0,0.0,1.281282018545167e-10,0.0,1.5406439907340007e-10,0.0,0.0,0.0,0.5,0.0
