Date,pasir_kemudi_actual,pasir_kemudi_pred,sg_belat_actual,sg_belat_pred,sg_cherating_actual,sg_cherating_pred
2024-05-25,0.0,6.5200615,0.0,4.462227,0.0,2.8290977
2024-05-26,0.0,6.5736356,0.0,4.37319,0.5,2.8308258
2024-05-27,0.0,5.9539924,0.0,3.8181672,0.0,2.8757074
2024-05-28,0.0,0.0,0.0,3.3965287,0.5,2.4815075
2024-05-29,71.0,0.0,52.5,3.5061011,12.0,2.613871
2024-05-30,0.0,0.0,0.0,0.0,0.5,2.6415315
2024-05-31,0.0,0.0,0.0,3.9929633,0.0,2.623539
2024-06-01,0.0,0.0,3.5,3.9015908,0.0,2.4964685
2024-06-02,1.5,0.0,0.0,0.0,16.5,2.435436
2024-06-03,8.5,0.0,7.0,0.0,0.5,2.3913631
2024-06-09,0.0,0.0,,,0.5,2.0847523
2024-06-10,1.0,0.0,,,29.5,2.0146859
2024-06-11,0.0,0.0,0.5,0.0,0.5,2.0065346
2024-06-12,6.5,0.0,0.0,0.0,38.0,2.1225808
2024-06-13,0.0,0.0,6.0,0.0,0.0,2.4260287
2024-06-14,4.5,0.0,30.0,0.0,2.5,2.7422593
2024-06-15,0.5,0.0,0.5,3.5888681,2.5,2.9138117
2024-06-16,0.5,0.0,4.0,3.7903848,1.0,3.0481772
2024-06-17,0.0,0.0,0.0,3.754315,12.5,3.1401687
2024-06-18,0.0,0.0,0.0,4.1183033,0.5,2.8370118
2024-06-19,0.0,0.0,0.0,4.2293673,0.0,3.0101843
2024-06-20,0.0,0.0,0.0,3.8177466,1.0,2.842112
2024-06-21,2.5,0.0,1.0,3.3984647,27.0,2.7412324
2024-06-22,0.0,0.0,0.0,3.0586095,0.5,2.668371
2024-06-23,0.0,0.0,0.0,2.7831879,0.5,2.5745008
2024-06-24,0.0,0.0,0.0,0.0,0.0,2.5414586
2024-06-25,0.0,0.0,0.0,0.0,0.0,2.151971
2024-06-28,0.0,0.0,0.0,0.0,0.0,2.3905652
2024-07-12,3.0,0.0,1.5,0.0,0.5,0.0
2024-07-13,0.0,0.0,0.0,0.0,0.5,0.0
2024-07-14,4.0,0.0,0.0,0.0,3.5,0.0
2024-07-15,0.0,0.0,1.5,0.0,0.0,0.0
2024-07-16,0.0,0.0,0.0,0.0,13.0,0.0
2024-07-20,0.0,0.0,0.0,0.0,0.0,0.0
2024-07-21,0.0,0.0,0.0,0.0,0.0,0.0
2024-07-22,0.0,0.0,0.0,0.0,,
2024-07-23,0.0,0.0,0.0,0.0,,
2024-07-24,0.0,0.0,0.0,0.0,,
2024-07-26,0.0,0.0,0.0,0.0,1.5,0.0
2024-07-27,0.0,0.0,0.0,0.0,0.0,0.0
2024-07-28,0.0,0.0,0.0,0.0,0.5,0.0
2024-07-29,0.0,0.0,1.0,0.0,0.0,0.0
2024-07-30,1.5,0.0,1.0,0.0,1.5,0.0
2024-07-31,0.5,0.0,0.0,0.0,1.5,2.8015075
2024-08-16,0.0,0.0,0.0,0.0,0.5,0.0
2024-08-17,0.5,0.0,0.5,0.0,0.0,0.0
2024-08-18,0.0,0.0,0.0,0.0,2.5,0.0
2024-08-19,19.0,0.0,36.5,0.0,0.0,0.0
2024-08-20,131.5,0.0,12.0,0.0,22.5,0.0
2024-08-21,0.5,0.0,1.0,0.0,1.5,0.0
2024-08-22,1.5,0.0,3.5,0.0,0.0,0.0
2024-08-23,56.0,0.0,27.0,0.0,16.0,0.0
2024-08-24,5.0,0.0,4.0,0.0,1.0,3.145308
2024-08-25,0.0,3.385673,0.0,3.0320258,0.5,3.3582783
2024-08-26,9.0,0.0,0.5,2.806603,1.5,0.0
2024-08-27,2.0,3.209927,10.0,2.756588,1.0,0.0
2024-08-28,0.0,3.429142,0.0,2.7583566,0.5,0.0
2024-08-29,33.0,3.142971,26.5,0.0,10.0,0.0
2024-08-30,1.5,3.054315,0.0,0.0,1.0,0.0
2024-08-31,0.0,3.2401633,0.0,2.73807,0.0,2.7672093
2024-09-01,0.0,3.524138,0.0,2.8514166,0.0,2.8143005
2024-09-02,0.0,3.5157218,0.0,0.0,0.0,2.6829662
2024-09-03,0.0,3.3187594,0.0,0.0,0.0,2.8752003
2024-09-04,0.0,3.2878356,0.0,0.0,2.0,2.83813
2024-09-05,1.5,3.3638234,0.0,0.0,31.0,2.8475697
2024-09-06,0.0,3.3676891,21.0,0.0,1.0,3.055344
2024-09-07,8.0,3.4621325,3.0,0.0,0.0,3.431357
2024-09-08,6.0,3.4842153,8.5,0.0,2.0,3.3410625
2024-09-09,0.0,3.5962138,0.0,0.0,2.0,3.0628242
2024-09-10,3.0,3.3529124,0.0,0.0,32.0,3.0232587
2024-09-11,0.0,0.0,0.0,0.0,0.5,2.98293
2024-09-12,1.5,0.0,1.5,0.0,8.5,3.3970857
2024-09-13,8.0,0.0,11.5,0.0,12.0,3.6371865
2024-09-15,0.5,0.0,0.0,0.0,0.0,3.2725472
2024-09-16,0.0,0.0,0.0,0.0,15.0,3.0072398
2024-09-17,10.5,0.0,5.5,0.0,11.5,3.0346155
2024-09-18,5.0,0.0,28.5,0.0,8.5,2.9856648
2024-09-19,1.0,3.419363,0.0,0.0,0.5,3.3079243
2024-09-20,0.0,3.6344957,0.0,0.0,0.0,3.450893
2024-09-21,0.0,0.0,0.0,0.0,0.0,3.194878
2024-09-22,29.5,3.2574744,0.0,0.0,0.0,3.1380372
2024-09-23,11.5,3.2995396,4.5,0.0,1.5,3.1095662
2024-09-24,0.5,3.451302,1.0,0.0,0.5,3.1576643
2024-09-27,1.0,4.0351863,2.5,4.007146,4.5,3.803566
2024-09-28,0.0,3.673761,0.0,3.657617,0.0,3.2728229
2024-09-29,0.0,3.4642606,0.0,0.0,0.0,2.8090377
2024-09-30,0.0,3.325645,0.0,0.0,0.0,2.5691864
2024-10-01,0.0,0.0,0.5,0.0,0.0,2.4799445
2024-10-02,0.0,0.0,0.0,0.0,0.0,2.491126
2024-10-03,17.5,0.0,8.5,0.0,0.0,2.568676
2024-10-04,4.0,0.0,27.5,0.0,6.5,2.428836
2024-10-05,5.5,0.0,7.0,0.0,24.0,2.593544
2024-10-06,6.5,3.9429808,7.0,3.9629483,24.5,3.010223
2024-10-07,14.5,4.0962005,0.5,4.218603,0.0,2.8773527
2024-10-08,17.5,4.091712,0.5,3.8506227,19.5,3.1043787
2024-10-09,0.5,4.2471285,0.0,3.6554847,0.0,3.4774466
2024-10-10,1.0,4.0950484,8.5,3.2288136,0.0,3.7168264
2024-10-11,1.0,4.9140706,4.5,3.38196,10.0,3.8977547
2024-10-14,17.0,3.849431,3.5,3.4926114,0.0,3.3305554
2024-10-15,16.0,3.7180676,1.0,3.0894256,0.0,3.190926
2024-10-16,0.0,3.7429419,0.5,2.8967168,1.0,3.0666537
2024-10-17,0.0,3.8935103,2.5,2.858411,0.5,3.058857
2024-10-18,0.5,4.478734,24.0,3.3732042,11.0,2.9297314
2024-10-19,8.0,4.3591127,41.5,3.4415002,0.0,3.0551915
2024-10-20,0.0,3.507863,0.0,3.0832715,0.0,3.2019086
2024-10-21,0.0,3.485498,0.0,3.147728,0.0,3.0749946
2024-10-22,0.0,3.6146793,0.0,3.3185964,0.0,3.2333326
2024-10-23,0.5,3.420878,0.0,3.1381025,2.5,3.2213473
2024-10-24,6.0,3.276609,21.0,2.9760706,2.5,3.0864787
2024-10-25,11.0,3.1441855,8.5,3.0799642,5.5,3.1599598
2024-10-27,0.0,3.2333236,0.0,3.1080475,0.0,3.044539
2024-10-28,0.0,3.1058097,0.0,2.7375383,2.5,2.8521135
2024-10-29,0.0,2.8241076,6.5,2.4462028,16.0,2.5517626
2024-10-30,0.0,2.9769497,0.0,2.5985596,0.0,2.4675925
2024-10-31,0.0,3.1303968,0.0,2.9119177,14.5,2.7146544
2024-11-01,3.5,3.1038308,32.5,3.227862,9.5,2.858919
2024-11-02,12.5,3.4622946,58.0,3.944972,12.5,3.3115273
2024-11-03,36.5,3.571178,4.0,4.3031893,1.0,3.1898265
2024-11-04,6.5,3.1204123,3.5,4.563809,1.5,3.1047692
2024-11-05,9.5,3.4988842,29.5,4.447877,45.5,3.4719095
2024-11-06,11.0,3.8822079,2.5,4.2255473,6.0,3.288073
2024-11-07,6.0,4.3094745,6.5,4.507218,0.0,3.6853356
2024-11-08,0.5,4.9270916,14.5,4.565971,2.0,4.2166576
2024-11-09,1.0,4.6140437,0.0,4.8367157,0.0,3.6037078
2024-11-10,11.0,5.0934505,0.0,5.3364925,0.0,3.4753413
2024-11-11,0.5,5.5047464,3.5,4.910789,0.0,3.372044
2024-11-12,0.0,4.986046,2.0,4.230836,4.0,2.7263799
2024-11-13,0.0,4.5008516,0.5,4.0022917,,
2024-11-14,0.0,4.5879374,0.0,4.2550073,,
2024-11-15,0.5,4.3343773,6.0,4.1187544,,
2024-11-16,2.0,3.9186463,0.5,4.320509,,
2024-11-17,1.5,4.1853356,0.5,5.0503173,,
2024-11-18,48.5,4.437307,49.5,5.0839167,,
2024-11-19,30.0,3.9345388,23.0,4.2304955,,
2024-11-20,32.0,5.0085297,16.0,4.591488,15.0,4.645392
2024-11-21,13.0,5.4573607,22.0,5.212799,78.5,3.9875016
2024-11-22,70.0,6.0550394,24.5,4.954369,67.5,5.3381224
2024-11-23,26.5,6.074741,56.5,5.2790856,,
2024-11-24,8.0,6.5866966,13.0,5.475759,2.0,5.5871797
2024-11-25,6.0,6.7036257,7.5,6.1810846,14.0,6.5471816
2024-11-26,43.0,5.70969,30.5,5.5845904,100.5,6.3365717
2024-11-27,41.5,5.81991,63.5,5.127481,206.0,5.7765994
2024-11-28,3.5,6.4266257,5.0,5.5715256,13.5,6.6499195
2024-11-29,40.0,7.3503027,44.5,6.440668,180.0,9.597224
2024-11-30,0.0,7.8611507,,,3.5,9.647509
2024-12-01,17.0,7.584943,,,47.5,10.731597
2024-12-02,0.5,8.385973,,,1.0,9.879468
2024-12-03,15.5,8.399859,,,0.0,9.096654
2024-12-04,7.0,7.120677,5.0,4.769398,7.5,8.734071
2024-12-05,22.0,5.933207,31.0,4.132725,35.0,7.48909
2024-12-06,8.0,5.0006666,0.0,3.7518253,0.5,6.6007805
2024-12-07,2.0,4.3615117,1.5,3.4587874,0.0,5.847715
2024-12-08,4.5,4.0522804,1.5,3.3456864,2.5,5.9776125
2024-12-09,135.0,3.879795,192.5,3.4338117,191.5,5.6546793
2024-12-10,50.0,4.0236936,40.0,3.7732124,95.0,6.313938
2024-12-11,2.5,5.0893755,0.0,4.656183,0.0,9.086658
2024-12-12,0.0,5.0426064,0.0,4.6968856,1.0,8.987415
2024-12-13,9.5,5.044072,5.0,4.658475,33.5,7.3761663
2024-12-14,1.0,5.1546884,0.0,5.010868,9.5,6.163638
2024-12-15,0.0,4.5296965,3.0,4.4382086,1.0,5.6650863
2024-12-18,29.5,5.7426267,17.5,4.3257394,30.0,5.0698333
2024-12-19,0.5,5.578906,0.0,4.3215246,1.5,4.670848
2024-12-20,0.0,6.3052063,0.0,4.475552,13.5,4.941855
2024-12-21,0.0,6.416947,0.5,4.8646626,2.0,5.422384
2024-12-22,1.0,5.0342064,0.5,4.0834804,0.5,4.7719994
2024-12-23,0.0,4.2130895,0.0,3.55689,0.0,4.4986963
2024-12-24,0.0,3.5936399,0.0,3.3201008,2.5,3.9356751
2024-12-25,0.0,3.3845692,2.0,2.9772058,0.0,3.7023559
2024-12-26,8.0,3.4801288,0.0,0.0,0.0,3.283156
2024-12-27,0.0,3.2014284,0.5,0.0,0.0,2.9830117
2024-12-28,8.5,3.669846,3.0,3.0566096,99.0,2.6659884
2024-12-29,106.0,3.823585,223.0,3.110435,53.0,2.8991034
2024-12-30,6.5,5.279586,39.0,3.8634143,9.0,3.8895655
2024-12-31,0.0,6.9558473,0.0,5.2366266,0.0,4.1225543
2025-01-01,0.0,6.8521132,0.0,4.7839518,0.0,4.205761
2025-01-02,0.5,6.253997,0.0,4.847282,0.0,3.6923218
2025-01-03,2.5,5.242468,0.0,4.141236,0.0,2.9718778
2025-01-04,11.0,4.544093,8.0,3.7391353,15.0,2.8643203
2025-01-05,1.0,0.0,4.5,0.0,7.5,2.9584465
2025-01-06,14.0,4.220548,38.5,3.5148625,18.0,3.6682558
2025-01-07,0.0,0.0,0.0,0.0,0.5,3.153048
2025-01-08,0.0,4.745422,0.0,3.9883332,0.0,3.4452443
2025-01-09,0.5,5.014745,4.5,4.3237405,0.0,3.3434067
2025-01-10,36.5,0.0,44.0,4.028261,27.5,2.9502852
2025-01-11,19.5,5.4847465,25.5,5.2820706,24.0,3.7839828
2025-01-12,20.0,7.165036,20.5,6.453047,27.0,4.3578897
2025-01-13,9.5,7.895296,8.5,6.966845,6.5,3.6941595
2025-01-14,5.5,6.452521,8.5,5.901114,3.5,3.3932958
2025-01-15,7.0,0.0,2.0,4.6587057,3.5,3.293118
2025-01-16,8.5,0.0,4.5,4.4658947,5.5,3.498302
2025-01-17,31.0,4.9201508,52.0,0.0,4.5,3.6630206
2025-01-18,10.0,5.5111756,15.5,4.6795545,0.0,3.8821497
2025-01-19,2.0,6.5727854,15.5,6.298161,0.0,3.8090677
2025-01-20,0.0,5.793974,0.0,5.069895,0.0,2.7724686
2025-01-21,0.0,0.0,0.0,0.0,0.0,2.6345885
2025-01-22,0.0,0.0,0.0,0.0,0.0,0.0
2025-01-23,0.0,0.0,0.0,0.0,0.0,0.0
2025-01-24,10.0,0.0,2.0,0.0,0.0,0.0
2025-01-25,0.0,6.187034,0.0,0.0,0.0,0.0
2025-01-26,0.0,7.0707035,0.0,5.147217,0.0,4.5666757
2025-01-27,43.0,8.53014,22.0,5.205785,0.0,5.530449
2025-01-28,13.0,8.683934,23.5,5.5505023,0.0,5.5239897
2025-01-29,0.0,8.401397,0.0,5.8664727,0.0,0.0
2025-01-30,0.0,7.078993,0.0,5.191319,0.0,0.0
2025-01-31,0.0,6.515803,0.0,5.04178,0.0,0.0
2025-02-01,0.0,0.0,0.0,0.0,0.0,0.0
2025-02-02,0.0,0.0,0.0,0.0,0.0,0.0
2025-02-03,0.0,0.0,0.0,0.0,0.0,0.0
2025-02-04,6.5,0.0,7.0,0.0,0.0,0.0
2025-02-05,0.0,0.0,2.0,0.0,0.0,0.0
2025-02-06,0.0,0.0,0.0,0.0,0.0,0.0
2025-02-07,0.0,0.0,0.0,0.0,0.0,0.0
2025-02-08,0.0,0.0,0.0,0.0,0.0,0.0
2025-02-09,0.0,0.0,0.0,0.0,0.0,0.0
2025-02-10,0.0,0.0,0.0,0.0,0.0,0.0
2025-02-11,0.0,0.0,0.0,0.0,0.0,0.0
2025-02-12,0.0,0.0,0.0,0.0,0.0,0.0
2025-02-13,0.0,0.0,0.0,0.0,0.0,0.0
2025-02-14,0.0,0.0,0.0,0.0,0.0,0.0
2025-02-18,0.5,6.8603826,12.0,0.0,0.0,0.0
2025-02-21,0.0,0.0,0.0,6.987751,0.0,0.0
2025-02-22,1.5,0.0,0.5,0.0,0.0,0.0
2025-02-23,4.0,0.0,15.0,0.0,0.0,0.0
2025-02-24,17.5,0.0,3.5,0.0,0.0,0.0
2025-02-25,24.0,0.0,5.5,0.0,0.0,0.0
2025-02-26,6.5,0.0,6.0,0.0,0.0,0.0
2025-02-27,13.0,6.437016,8.0,0.0,0.0,0.0
2025-02-28,9.5,7.8174677,2.0,6.3129973,0.0,0.0
2025-03-01,0.0,7.213835,0.0,0.0,0.0,0.0
2025-03-02,0.0,6.4475293,0.0,0.0,0.0,0.0
2025-03-03,0.0,0.0,0.0,0.0,0.0,0.0
2025-03-04,0.0,0.0,0.0,0.0,0.0,0.0
2025-03-06,0.0,0.0,0.0,0.0,0.0,0.0
2025-03-07,0.0,0.0,0.0,0.0,0.0,0.0
2025-03-08,0.0,0.0,0.0,0.0,0.0,0.0
2025-03-09,0.0,0.0,29.5,0.0,0.0,0.0
2025-03-10,1.0,0.0,4.0,0.0,0.0,0.0
2025-03-11,6.0,0.0,6.5,0.0,0.0,0.0
2025-03-12,4.0,0.0,0.5,0.0,0.0,0.0
2025-03-13,3.0,0.0,9.5,0.0,0.0,0.0
2025-03-25,0.0,0.0,0.0,0.0,0.0,0.0
2025-03-26,0.0,0.0,0.0,0.0,0.0,0.0
2025-03-28,11.0,0.0,7.0,0.0,0.0,0.0
2025-03-29,1.0,0.0,26.0,0.0,0.0,0.0
2025-03-30,3.5,0.0,0.5,0.0,2.5,0.0
2025-03-31,0.0,0.0,2.0,0.0,0.0,0.0
2025-04-01,3.5,0.0,3.0,0.0,0.0,0.0
2025-04-02,27.0,0.0,49.0,0.0,6.5,0.0
2025-04-03,5.5,0.0,14.5,0.0,5.0,0.0
2025-04-04,36.5,0.0,26.0,5.648586,8.5,0.0
2025-04-05,0.0,0.0,0.0,5.5009093,0.5,0.0
2025-04-06,0.0,4.863797,0.0,5.3262844,0.0,0.0
2025-04-07,8.0,0.0,16.5,4.640303,15.0,0.0
2025-04-08,1.5,0.0,3.5,0.0,5.5,0.0
2025-04-09,3.0,0.0,0.0,4.145042,0.5,0.0
2025-04-10,1.0,0.0,0.0,0.0,0.0,0.0
2025-04-11,2.0,4.5864425,0.0,4.7080426,0.5,0.0
2025-04-12,13.5,4.5067105,8.5,0.0,0.0,2.7522292
2025-04-13,4.0,4.4179974,0.5,0.0,0.0,2.4560423
2025-04-14,0.0,4.0421815,0.0,0.0,0.0,2.0800288
2025-04-15,2.5,3.8842764,0.5,0.0,22.0,2.084443
2025-04-16,7.5,4.2570925,9.5,0.0,3.5,2.0662615
2025-04-18,1.5,4.31759,0.5,0.0,17.5,2.3700945
2025-04-19,0.0,0.0,0.0,0.0,0.0,2.0764832
2025-04-20,0.0,0.0,0.0,0.0,0.0,2.2070742
2025-04-21,4.0,0.0,44.5,0.0,4.5,2.3406157
2025-04-22,5.0,0.0,6.5,3.8956943,18.0,2.8208551
2025-04-23,0.0,3.067593,20.0,5.503543,0.0,3.1234632
2025-04-24,24.0,3.3093033,0.0,5.41277,0.0,3.1587396
2025-04-25,0.0,2.9306135,21.0,4.582139,0.0,2.5961885
2025-04-26,0.5,3.0824218,3.0,4.453963,11.0,2.555809
2025-04-27,0.0,2.4517744,0.0,3.7306418,0.0,0.0
2025-04-28,0.0,0.0,19.0,3.8931198,0.0,0.0
2025-04-29,0.0,2.7489798,0.0,3.6810727,0.0,0.0
2025-04-30,0.0,0.0,3.0,3.643073,0.0,0.0
2025-05-01,13.0,2.754559,0.0,0.0,0.0,0.0
2025-05-02,0.5,2.9700353,0.0,0.0,0.0,0.0
2025-05-03,28.5,3.2872477,37.0,3.9647422,0.0,0.0
2025-05-04,4.0,3.427308,3.0,3.7642803,2.0,0.0
2025-05-05,2.0,4.0862303,0.0,4.245888,0.5,0.0
2025-05-06,0.0,4.102833,0.0,3.8661203,0.0,0.0
2025-05-07,0.0,4.1407423,6.0,3.6247973,0.0,0.0
2025-05-08,9.0,4.237409,8.0,0.0,28.5,0.0
2025-05-09,3.5,4.191176,0.0,0.0,0.5,2.385249
2025-05-10,37.0,3.9262328,6.5,0.0,9.0,2.41761
2025-05-11,1.0,3.769174,0.0,0.0,0.5,2.4856236
2025-05-12,6.0,4.0859437,0.0,3.380981,32.5,2.6373377
2025-05-13,0.0,4.367983,0.0,3.515544,0.5,2.9343581
2025-05-14,0.5,4.135891,0.0,3.3722968,0.0,3.588019
2025-05-15,0.5,4.515372,2.0,3.300447,1.0,3.6040854
2025-05-17,0.0,5.0955567,0.0,3.7937636,0.0,3.457737
2025-05-18,30.0,4.4225802,5.5,3.2135615,0.5,3.0445952
2025-05-19,0.0,4.0112443,0.0,3.1423974,2.5,3.1619263
2025-05-20,1.0,4.5351553,2.0,3.4571018,4.5,3.120821
2025-05-22,1.0,3.707233,13.5,3.2285633,14.5,2.8756123
2025-05-23,27.0,3.029698,22.5,3.126605,8.0,2.6484027
2025-05-24,10.0,2.6606593,2.5,3.3578935,24.5,2.7805905
2025-05-25,70.0,3.128305,14.0,3.6760101,1.0,2.3584824
2025-05-26,2.0,3.3334823,1.0,4.1031957,2.5,2.4596698
2025-05-27,12.5,3.7772002,35.0,4.094813,6.5,2.4467525
2025-05-28,0.0,3.6499405,0.0,4.1580143,0.0,2.3423193
2025-05-29,15.0,3.746467,10.5,4.002368,54.5,2.473603
2025-05-30,0.0,3.5532756,0.0,3.698533,0.0,2.1581006
2025-05-31,0.5,3.1962247,28.5,3.7151914,2.5,2.0717127
2025-06-01,0.0,0.0,0.0,3.2651114,0.0,2.175193
2025-06-02,0.0,0.0,0.0,0.0,0.5,2.2486491
2025-06-03,0.0,0.0,0.0,0.0,0.0,2.2890942
2025-06-04,0.0,0.0,0.0,0.0,0.0,2.3729408
2025-06-05,2.0,0.0,0.0,0.0,18.5,2.4722426
2025-06-06,0.0,0.0,0.0,0.0,0.0,2.4120655
2025-06-07,0.0,3.1031213,7.0,3.0428023,2.5,2.5039933
2025-06-08,0.0,3.199123,0.0,0.0,0.0,2.5463731
2025-06-09,14.0,2.883543,20.0,0.0,5.5,2.506824
2025-06-10,0.0,3.101904,0.5,0.0,1.0,2.6086397
2025-06-11,0.0,3.2160082,0.0,0.0,0.0,2.4494982
2025-06-12,0.0,0.0,0.0,0.0,0.0,2.4717126
2025-06-13,0.0,0.0,0.0,0.0,0.5,0.0
2025-06-14,0.0,0.0,0.0,0.0,0.0,0.0
2025-06-15,0.0,0.0,0.0,0.0,1.0,0.0
2025-06-16,0.0,0.0,0.0,0.0,0.5,2.680218
2025-06-17,26.0,0.0,49.5,0.0,2.5,2.7830355
2025-06-18,3.0,0.0,2.5,0.0,0.5,2.7754602
2025-06-19,0.5,3.9806366,1.5,3.7543092,3.0,2.5092604
2025-06-20,0.0,4.5486417,0.0,3.8561053,0.0,2.382742
2025-06-21,0.0,4.952517,0.0,3.6838694,0.0,2.6028762
2025-06-22,0.0,4.4565725,0.0,3.6272383,0.0,2.6031191
2025-06-23,0.0,4.232339,1.5,0.0,0.5,2.37559
2025-06-24,11.0,3.904172,0.0,0.0,0.0,2.3762388
2025-06-25,0.0,3.9748564,1.0,0.0,0.0,2.2417116
2025-06-26,0.0,4.2762103,0.0,0.0,0.0,2.1119685
2025-06-27,0.0,4.5824194,2.5,0.0,0.0,2.1918097
2025-06-28,2.0,0.0,7.5,0.0,47.0,2.1291888
2025-06-29,5.0,0.0,1.0,0.0,3.5,2.332511
2025-06-30,0.0,0.0,0.0,0.0,0.0,2.6372557
2025-07-01,0.0,0.0,0.0,0.0,0.0,2.7215626
2025-07-02,8.0,0.0,34.0,4.0893126,3.0,2.881797
2025-07-03,40.5,0.0,0.5,3.6863241,5.0,0.0
2025-07-04,0.0,0.0,0.0,3.684586,10.0,0.0
2025-07-05,0.5,0.0,0.0,0.0,0.5,0.0
2025-07-06,0.0,0.0,0.0,0.0,0.0,0.0
2025-07-07,0.0,0.0,0.0,0.0,0.0,0.0
2025-07-08,2.0,0.0,2.5,0.0,2.5,0.0
2025-07-09,0.0,0.0,0.0,0.0,0.0,0.0
2025-07-10,0.0,0.0,0.0,0.0,0.0,0.0
2025-07-11,0.0,0.0,0.0,0.0,0.5,0.0
2025-07-12,1.5,0.0,39.5,0.0,4.0,3.0214143
2025-07-13,0.0,0.0,0.0,0.0,0.0,3.132267
2025-07-14,0.0,0.0,0.5,0.0,0.0,2.9823115
2025-07-15,0.0,0.0,0.0,0.0,0.0,2.7625542
2025-07-16,4.0,0.0,0.0,0.0,0.5,0.0
2025-07-17,0.0,0.0,0.0,0.0,0.0,0.0
2025-07-18,0.0,0.0,0.0,0.0,0.0,0.0
2025-07-19,0.0,0.0,0.0,0.0,0.0,0.0
2025-07-20,0.0,0.0,0.0,0.0,0.0,0.0
2025-07-21,0.0,0.0,0.0,0.0,0.0,0.0
2025-07-22,0.0,0.0,0.0,0.0,0.0,0.0
2025-07-23,0.0,0.0,0.0,0.0,0.0,0.0
2025-07-24,0.0,0.0,0.0,0.0,0.0,0.0
2025-07-25,,,3.0,0.0,33.0,0.0
2025-07-26,0.0,0.0,0.0,0.0,13.5,0.0
2025-07-27,0.0,0.0,0.0,0.0,0.0,0.0
2025-07-28,0.0,0.0,0.0,0.0,0.0,0.0
2025-07-29,2.5,0.0,2.5,0.0,20.0,3.6977983
2025-07-30,11.0,0.0,0.0,0.0,9.5,3.6379585
2025-07-31,0.0,0.0,0.5,0.0,0.5,3.467082
2025-08-01,0.0,3.9380455,0.0,3.520553,0.0,3.7976031
2025-08-02,0.0,3.7793388,0.0,3.9181561,0.0,4.038176
2025-08-03,0.0,4.034308,0.0,3.8769126,0.0,4.4074745
2025-08-04,34.5,3.7819529,39.0,3.641738,0.5,4.015388
2025-08-05,0.0,3.9096913,0.0,3.5512319,0.5,4.0432734
2025-08-06,0.0,4.4298277,2.0,3.7733316,0.0,3.5646124
2025-08-07,0.0,4.575321,0.0,3.7772946,0.0,3.7846045
2025-08-08,0.0,4.038658,0.0,3.6033387,0.0,3.4541516
2025-08-09,0.0,0.0,5.5,3.5521884,0.0,3.4126663
2025-08-10,0.0,0.0,0.0,0.0,0.0,0.0
2025-08-11,21.0,0.0,3.0,3.615975,5.5,0.0
2025-08-12,38.5,0.0,7.5,3.9597292,0.5,3.5102983
2025-08-13,16.0,3.6132865,6.0,3.3731785,0.0,3.6122541
2025-08-14,0.0,3.805359,6.0,3.0384898,68.0,3.4674487
2025-08-15,2.0,4.0776243,0.5,3.153524,4.5,3.3122444
2025-08-16,0.0,4.088468,0.0,3.2689176,0.0,3.7625155
2025-08-17,0.5,4.1536365,0.0,3.4831638,0.0,4.0212693
2025-08-18,14.5,3.8825326,0.5,3.3835316,0.5,4.1826963
2025-08-19,1.0,3.9035244,0.5,2.9791985,0.0,4.2581987
2025-08-20,19.5,4.667819,12.0,3.0319924,1.0,4.246682
2025-08-21,0.0,4.1486764,0.0,2.799451,0.5,3.8376222
2025-08-22,0.0,3.757852,0.0,2.4972785,0.0,3.8433409
2025-08-23,3.0,3.6461015,0.0,2.4712453,5.0,4.042476
2025-08-24,0.0,3.8401852,0.0,2.6779583,0.0,4.1738267
2025-08-25,0.0,4.690046,0.0,2.9550405,0.5,4.6944942
2025-08-26,12.0,4.400769,4.5,2.9139147,1.5,4.1675777
2025-08-27,7.5,3.5221052,23.0,2.4137123,12.5,3.3480887
2025-08-28,18.0,3.417643,3.5,2.2384274,4.0,3.589899
2025-08-29,1.0,3.250784,18.0,2.5100496,9.5,4.3480973
2025-08-30,0.0,3.498416,0.0,2.8581643,1.0,4.922242
2025-08-31,0.0,3.9194617,0.0,3.3936172,0.0,4.6946254
2025-09-01,0.0,3.8637586,0.0,3.5270357,5.5,3.6498737
2025-09-02,0.0,3.8205504,0.0,3.5404472,6.0,3.2077508
2025-09-05,0.0,3.7856278,9.5,3.8929515,8.0,3.4197192
2025-09-06,0.0,3.3822045,0.0,3.3983116,0.0,3.6885853
2025-09-07,0.0,0.0,2.5,0.0,0.5,3.008925
2025-09-08,16.0,0.0,22.5,0.0,2.5,2.6547666
2025-09-09,0.0,0.0,0.5,0.0,0.5,2.8073375
2025-09-10,19.5,0.0,19.0,0.0,2.5,2.9479892
2025-09-11,3.0,3.881321,47.5,0.0,6.5,3.3622336
2025-09-12,14.5,4.4648023,17.0,3.9690943,0.5,3.7603602
2025-09-13,0.0,4.2652044,0.0,4.2953377,0.5,3.3680983
2025-09-14,0.0,4.152074,4.0,3.72962,0.0,3.4099941
2025-09-15,,,,,0.5,3.186111
2025-09-16,,,,,53.5,2.7847054
2025-09-17,,,,,6.5,2.8677642
2025-09-18,,,,,0.0,3.2048602
2025-09-19,17.5,3.1311474,17.5,2.8933496,51.0,3.2638583
2025-09-20,7.5,3.0231218,3.0,2.7943075,0.0,2.9763637
2025-09-21,0.0,0.0,0.0,2.705387,0.0,2.9888618
2025-09-22,0.0,3.2444005,0.0,0.0,1.0,2.914388
2025-09-23,0.0,3.6050854,1.0,0.0,0.0,2.9370213
2025-09-24,0.0,3.8007588,0.5,0.0,64.5,3.308949
2025-09-25,4.0,3.5324583,6.5,0.0,2.5,2.8912606
2025-09-26,0.0,3.7369456,0.0,2.491827,0.0,2.7620249
2025-09-27,0.0,3.8090367,0.0,2.9811528,13.0,2.999087
2025-09-28,32.5,4.3257346,14.0,2.9970424,4.0,2.9132428
2025-09-29,11.0,3.8980088,24.0,2.8805506,42.5,2.7524848
2025-09-30,3.0,3.706756,2.0,2.7852464,5.0,2.6583512
2025-10-01,23.5,3.6454053,5.0,3.0804815,0.0,2.8509316
2025-10-02,0.0,3.9697943,1.0,3.3926282,0.5,2.891961
2025-10-03,,,,,11.0,2.8530142
2025-10-04,,,,,0.5,2.6373239
2025-10-05,,,,,0.0,2.746753
2025-10-06,,,,,6.0,2.396167
2025-10-07,37.5,3.4576354,20.5,2.7842455,0.5,2.28992
2025-10-08,25.0,3.5482936,4.0,2.7160466,1.5,2.1396472
2025-10-09,8.5,4.2505293,18.0,2.9628866,19.0,1.6864064
2025-10-10,6.0,4.2731786,47.0,3.483859,21.5,2.045836
2025-10-11,6.0,4.648188,15.0,3.5018954,6.0,2.0429006
2025-10-12,0.5,3.8419623,0.0,3.106182,0.5,1.9004025
2025-10-13,0.0,3.927897,0.0,3.2436194,0.0,1.8014879
2025-10-14,33.0,3.5683265,16.0,3.1591744,18.5,1.8243451
2025-10-15,2.5,3.5575852,4.0,2.848878,28.5,2.0129113
2025-10-16,,,,,0.0,2.3851893
2025-10-17,,,,,0.0,3.5740643
2025-10-18,,,,,0.0,4.1666574
2025-10-19,,,,,12.5,3.783947
2025-10-20,,,,,1.5,3.743987
2025-10-21,,,,,26.0,3.7419004
2025-10-22,,,,,0.5,4.1100736
2025-10-23,,,,,0.0,4.656153
2025-10-24,,,,,33.5,3.9762993
2025-10-25,,,,,2.0,3.862719
2025-10-26,,,,,4.5,4.407419
2025-10-27,,,,,0.0,3.7450461
2025-10-28,,,,,4.0,2.8094945
2025-10-29,,,,,0.0,2.3483765
2025-10-30,,,,,0.0,2.6242285
2025-10-31,,,,,0.0,2.1728976
2025-11-01,13.5,3.4134831,9.5,0.0,12.0,1.8055625
2025-11-02,2.5,3.1318688,3.0,0.0,4.5,1.9110274
2025-11-04,1.5,5.150159,1.5,3.6759033,5.5,2.5362692
2025-11-05,8.5,5.922108,36.5,4.044909,11.5,2.2330713
2025-11-06,1.5,5.0214014,54.0,3.9284844,26.0,2.542421
2025-11-07,0.5,5.311977,31.5,5.1966205,0.5,2.8358178
2025-11-10,4.5,4.065111,23.5,5.2075553,38.0,3.6168838
2025-11-11,11.0,3.684618,17.5,4.29768,21.0,3.0247664
2025-11-12,0.5,4.135506,0.5,4.533086,4.0,3.3581038
2025-11-13,0.0,4.8649116,0.0,4.797527,1.0,3.4678721
2025-11-18,22.0,3.3696012,11.5,4.286403,0.0,4.087256
2025-11-19,1.5,3.6453538,2.0,4.2489314,12.0,3.7869983
2025-11-20,33.5,3.8918128,36.0,4.3905854,9.5,3.6573005
2025-11-21,44.0,3.1376562,10.0,3.709682,6.5,3.609346
2025-11-24,23.5,4.2876935,9.0,3.7554889,20.5,3.3669324
2025-11-25,1.0,4.767708,2.5,4.118639,16.5,3.2670665
2025-11-26,12.0,4.90905,17.0,4.376202,28.5,4.5343075
2025-11-27,,,,,258.5,5.1467996
2025-11-28,46.0,5.8949833,54.5,5.223951,223.0,5.5879993
2025-11-30,0.5,6.887626,1.0,5.102703,0.0,9.847457
2025-12-01,0.0,6.159137,0.0,5.0849786,0.0,9.637993
2025-12-02,0.0,5.908247,0.0,4.9686775,6.0,7.8212166
2025-12-03,0.0,5.9432817,0.0,5.3214,5.5,5.845171
2025-12-04,0.0,5.4139304,0.0,4.8095016,,
2025-12-05,0.0,5.711018,3.0,4.9153705,8.0,6.0853415
2025-12-06,30.5,4.564506,34.5,4.199505,53.0,5.817331
2025-12-07,1.5,4.2825594,0.0,0.0,1.5,5.3848286
2025-12-08,0.0,4.53208,0.0,3.8178391,0.5,5.820694
2025-12-10,0.0,4.3355513,0.0,0.0,0.5,6.7035356
2025-12-11,0.0,3.996532,0.0,0.0,0.0,6.2945175
2025-12-12,0.0,3.918786,0.5,0.0,7.5,5.4955564
2025-12-13,3.5,4.8473334,13.5,3.8038912,11.0,6.065873
2025-12-14,36.0,5.417936,64.5,4.085515,178.5,6.5452275
2025-12-15,129.5,5.634422,91.0,4.810553,33.5,5.8129716
2025-12-16,102.0,6.0720744,233.5,6.441429,40.5,7.1454315
2025-12-18,68.5,10.304827,142.0,10.64545,40.0,7.8451557
2025-12-19,0.5,11.008323,2.0,8.8556385,21.0,8.967079
2025-12-20,0.5,8.996468,0.0,7.9819365,0.0,7.347044
2025-12-21,0.0,6.3850245,0.0,5.1912866,0.0,6.3159366
2025-12-22,,,,,0.5,4.996586
2025-12-23,0.0,4.3425,0.0,3.9937077,0.0,3.904387
2025-12-24,0.0,0.0,0.0,0.0,0.0,3.2489238
2025-12-25,0.0,0.0,0.0,0.0,10.5,0.0
2025-12-26,26.0,0.0,18.5,0.0,45.0,0.0
2025-12-27,6.5,4.7293067,10.5,0.0,2.0,3.832405
2025-12-28,3.0,6.4825864,4.0,4.9627547,4.0,5.0715528
2025-12-29,5.5,7.8473024,3.5,5.9495263,3.0,5.139168
2025-12-30,0.0,9.06027,0.0,6.654645,0.5,5.150834
2025-12-31,0.0,9.731108,0.0,6.453853,0.5,4.584131
2026-01-01,,,,,0.5,3.598228
2026-01-02,,,,,1.5,3.1779575
2026-01-03,0.0,4.781474,0.0,0.0,3.5,2.883437
2026-01-04,0.0,5.0842032,0.5,0.0,5.5,2.6892965
2026-01-05,0.0,5.2967744,0.0,3.6747513,,
2026-01-06,11.5,4.5576606,23.0,0.0,17.5,2.4936965
2026-01-07,31.5,5.249332,45.5,3.8696156,51.5,2.5196135
2026-01-08,4.0,5.067443,19.5,0.0,7.5,2.474966
2026-01-09,1.0,5.202172,2.5,0.0,7.5,2.9153996
2026-01-10,0.0,5.794753,0.0,4.0256443,0.0,3.015595
2026-01-11,0.0,5.8947334,0.0,3.9759684,0.0,3.2338958
2026-01-12,0.0,5.515659,0.0,0.0,1.0,3.033956
2026-01-13,0.0,5.129129,0.0,0.0,0.0,2.9961329
2026-01-14,0.0,4.987093,0.0,0.0,0.0,3.5790048
2026-01-15,0.0,5.030334,0.0,0.0,0.0,3.2803311
2026-01-16,0.0,4.9984303,0.0,3.399881,0.0,4.0136538
2026-01-17,0.0,5.634022,0.0,3.3163629,0.5,4.3279686
2026-01-18,0.0,5.6863647,0.0,3.55083,0.0,3.7009583
2026-01-19,0.0,5.411486,0.0,3.5390859,0.0,3.7895827
2026-01-20,0.0,6.384698,0.0,0.0,0.0,0.0
2026-01-21,0.0,6.5963435,0.0,0.0,0.0,0.0
2026-01-22,0.0,7.035309,0.0,4.2790465,0.0,0.0
2026-01-23,0.0,6.7638054,0.0,4.299013,0.0,0.0
2026-01-24,0.0,7.195756,0.0,4.1398187,0.0,0.0
2026-01-25,0.0,6.6140337,4.0,4.1469607,9.0,0.0
2026-01-26,0.0,6.1324406,0.0,3.7635365,0.0,0.0
2026-01-27,0.0,6.01153,0.0,3.8085332,0.0,0.0
2026-01-28,0.0,5.8902884,0.0,4.1058006,0.5,0.0
2026-01-29,0.0,5.431836,0.0,3.832183,0.5,0.0
2026-01-30,0.0,0.0,0.0,3.9253736,0.0,0.0
2026-01-31,0.0,0.0,0.0,4.08135,0.0,0.0
2026-02-01,0.5,6.457981,1.0,4.3758583,6.5,0.0
2026-02-02,0.0,0.0,0.0,0.0,0.5,0.0
2026-02-03,0.0,0.0,0.0,0.0,1.0,0.0
2026-02-04,3.0,0.0,1.5,0.0,52.0,0.0
2026-02-05,0.0,0.0,0.0,0.0,0.5,0.0
2026-02-06,0.0,0.0,0.0,0.0,0.0,0.0
2026-02-07,0.0,0.0,0.0,0.0,0.0,0.0
2026-02-08,0.0,0.0,0.5,0.0,0.0,0.0
2026-02-09,0.0,0.0,0.0,0.0,0.0,0.0
2026-02-10,0.0,0.0,0.0,0.0,1.0,0.0
2026-02-11,1.0,0.0,4.0,0.0,17.5,0.0
2026-02-12,0.0,0.0,0.0,0.0,0.0,0.0
2026-02-13,0.0,0.0,0.0,0.0,0.0,0.0
2026-02-14,0.0,0.0,0.0,0.0,0.5,0.0
2026-02-15,3.0,0.0,6.0,0.0,1.0,0.0
2026-02-16,6.5,0.0,16.0,0.0,11.0,5.2905455
2026-02-17,12.5,0.0,21.0,5.7406726,9.5,0.0
2026-02-18,23.5,0.0,42.5,6.085673,2.5,0.0
2026-02-19,9.5,0.0,15.0,6.8179827,1.5,5.5878854
2026-02-20,1.0,6.5480795,0.0,8.541305,1.5,5.3193645
2026-02-21,2.0,7.176241,0.0,9.684086,1.0,5.5003676
2026-02-22,0.0,6.4485807,0.0,8.4648285,0.0,4.792595
2026-02-23,0.0,5.954391,0.0,7.312029,0.0,4.4874434
2026-02-24,0.0,5.255631,0.0,6.454973,0.0,0.0
2026-02-25,0.0,4.760776,0.0,0.0,0.0,0.0
2026-02-26,0.0,4.43589,0.0,0.0,0.0,0.0
2026-02-27,0.0,0.0,0.0,0.0,0.0,0.0
2026-02-28,8.5,0.0,23.5,0.0,1.0,0.0
2026-03-01,0.0,0.0,1.0,0.0,7.0,0.0
2026-03-02,5.0,0.0,1.0,0.0,0.0,0.0
2026-03-03,0.0,0.0,0.0,0.0,1.0,0.0
2026-03-04,4.5,0.0,0.0,0.0,0.0,0.0
2026-03-05,0.5,0.0,0.0,0.0,0.0,0.0
2026-03-06,7.5,0.0,1.0,0.0,0.0,0.0
2026-03-07,1.0,0.0,0.0,0.0,1.5,0.0
2026-03-08,0.0,0.0,0.0,0.0,0.5,0.0
2026-03-09,0.0,0.0,0.0,0.0,0.5,0.0
2026-03-10,0.0,0.0,0.0,0.0,0.0,0.0
2026-03-11,0.0,0.0,0.0,0.0,16.5,0.0
2026-03-12,11.0,0.0,30.5,0.0,13.0,0.0
2026-03-13,0.0,0.0,1.0,0.0,12.5,0.0
2026-03-14,6.5,0.0,20.0,0.0,2.0,0.0
2026-03-15,0.0,0.0,0.0,0.0,0.0,3.479937
2026-03-16,0.0,0.0,0.0,0.0,0.0,3.3926191
2026-03-17,1.5,0.0,9.0,0.0,1.0,3.0017743
2026-03-18,0.0,0.0,0.0,0.0,0.0,0.0
2026-03-19,0.0,0.0,0.0,0.0,0.0,0.0
2026-03-20,0.0,0.0,0.0,0.0,0.0,0.0
2026-03-21,0.0,0.0,0.0,0.0,0.0,0.0
2026-03-22,0.0,0.0,0.0,0.0,0.0,0.0
2026-03-23,0.0,0.0,0.0,0.0,0.0,0.0
2026-03-24,0.0,0.0,0.0,0.0,0.0,0.0
2026-03-25,0.0,0.0,0.0,0.0,0.0,0.0
2026-03-26,0.0,0.0,0.0,0.0,0.0,0.0
2026-03-27,0.0,0.0,0.0,0.0,0.0,0.0
2026-03-28,0.0,0.0,0.0,0.0,0.0,0.0
2026-03-29,0.0,0.0,0.0,0.0,0.0,0.0
2026-03-30,0.0,0.0,0.0,0.0,0.0,0.0
2026-03-31,0.0,0.0,0.0,0.0,0.0,0.0
2026-04-01,0.0,0.0,0.0,0.0,0.0,0.0
2026-04-02,0.0,0.0,0.0,0.0,0.0,0.0
2026-04-03,0.0,0.0,0.0,0.0,0.0,0.0
2026-04-04,0.0,0.0,0.0,0.0,1.0,0.0
2026-04-05,0.0,0.0,0.5,0.0,0.0,0.0
2026-04-06,0.0,0.0,33.5,0.0,0.5,0.0
2026-04-07,3.0,0.0,45.0,0.0,0.0,0.0
2026-04-08,0.0,0.0,0.0,0.0,0.5,0.0
2026-04-09,24.5,0.0,1.5,0.0,4.5,0.0
2026-04-10,5.0,0.0,12.0,0.0,2.0,0.0
2026-04-14,0.0,0.0,1.5,0.0,0.0,0.0
2026-04-15,54.5,0.0,0.0,0.0,0.0,0.0
2026-04-16,0.0,0.0,9.5,0.0,0.0,0.0
2026-04-17,0.0,0.0,0.5,0.0,0.0,0.0
2026-04-18,0.0,0.0,5.5,0.0,0.0,0.0
2026-04-19,0.0,0.0,0.0,0.0,1.0,0.0
2026-04-20,1.0,0.0,0.0,0.0,0.0,0.0
2026-04-21,0.0,0.0,0.0,0.0,0.5,0.0
2026-04-22,0.0,0.0,0.0,0.0,0.0,0.0
2026-04-23,0.0,0.0,0.0,0.0,0.0,0.0
2026-04-24,1.0,0.0,0.5,0.0,0.0,0.0
2026-04-25,1.0,0.0,3.0,0.0,0.5,0.0
2026-04-26,2.5,0.0,0.0,0.0,1.0,0.0
2026-04-27,0.0,0.0,0.0,0.0,1.0,0.0
2026-04-29,0.0,0.0,0.0,0.0,0.0,0.0
2026-04-30,0.0,0.0,0.0,0.0,0.5,0.0
2026-05-01,0.0,0.0,1.5,0.0,11.5,0.0
2026-05-02,0.0,0.0,13.0,0.0,0.5,0.0
2026-05-03,0.0,0.0,0.0,0.0,0.5,0.0
2026-05-04,0.0,0.0,0.0,0.0,0.0,0.0
2026-05-05,0.0,0.0,0.0,0.0,0.5,0.0
2026-05-06,0.0,0.0,0.0,0.0,0.0,0.0
2026-05-07,0.0,0.0,0.0,0.0,0.0,0.0
2026-05-08,0.0,0.0,12.5,0.0,2.0,0.0
2026-05-09,0.5,0.0,0.5,0.0,0.0,0.0
2026-05-10,0.0,0.0,0.0,0.0,0.0,0.0
2026-05-11,0.0,0.0,0.0,0.0,0.0,0.0
2026-05-12,0.0,0.0,26.0,0.0,0.5,0.0
2026-05-13,0.0,0.0,0.5,0.0,0.0,0.0
2026-05-14,0.0,0.0,6.5,0.0,3.5,0.0
2026-05-15,0.0,0.0,32.5,0.0,5.0,0.0
2026-05-16,0.0,0.0,0.5,0.0,2.0,0.0
2026-05-17,0.0,0.0,19.0,0.0,0.0,0.0
2026-05-18,0.0,0.0,1.0,0.0,0.0,0.0
2026-05-19,0.0,0.0,16.0,0.0,2.0,0.0
2026-05-20,0.0,0.0,22.5,0.0,10.5,0.0
2026-05-21,0.0,0.0,0.5,0.0,2.0,0.0
2026-05-22,0.0,0.0,0.0,0.0,0.0,0.0
2026-05-23,0.0,0.0,19.5,0.0,36.5,0.0
2026-05-24,0.0,0.0,0.5,0.0,0.0,0.0
2026-05-25,0.0,0.0,9.5,0.0,14.0,0.0
2026-05-26,0.0,0.0,11.5,0.0,7.0,0.0
2026-05-27,0.0,0.0,9.0,0.0,17.0,0.0
2026-05-28,0.0,0.0,5.0,0.0,40.5,0.0
2026-05-29,0.0,0.0,5.0,0.0,16.5,0.0
2026-05-30,0.0,0.0,0.0,0.0,0.5,0.0
2026-05-31,0.0,0.0,1.0,0.0,,
2026-06-01,0.0,0.0,0.0,0.0,0.5,0.0
